GENDER;AGE_GROUP;TERYT4;Pred_bagging
M;<0-44>;201;1
M;<45-54>;201;1
M;<55-64>;201;1
M;<65-74>;201;1
M;<75-84>;201;1
M;85+;201;0
M;<0-44>;202;1
M;<45-54>;202;1
M;<55-64>;202;1
M;<65-74>;202;1
M;<75-84>;202;1
M;85+;202;1
M;<0-44>;203;1
M;<45-54>;203;1
M;<55-64>;203;1
M;<65-74>;203;1
M;<75-84>;203;1
M;85+;203;1
M;<0-44>;204;1
M;<45-54>;204;1
M;<55-64>;204;1
M;<65-74>;204;1
M;<75-84>;204;1
M;85+;204;0
M;<0-44>;205;2
M;<45-54>;205;1
M;<55-64>;205;1
M;<65-74>;205;0
M;<75-84>;205;1
M;85+;205;0
M;<0-44>;206;1
M;<45-54>;206;1
M;<55-64>;206;1
M;<65-74>;206;1
M;<75-84>;206;1
M;85+;206;1
M;<0-44>;207;1
M;<45-54>;207;1
M;<55-64>;207;1
M;<65-74>;207;1
M;<75-84>;207;1
M;85+;207;1
M;<0-44>;208;1
M;<45-54>;208;1
M;<55-64>;208;1
M;<65-74>;208;1
M;<75-84>;208;1
M;85+;208;0
M;<0-44>;209;2
M;<45-54>;209;1
M;<55-64>;209;1
M;<65-74>;209;0
M;<75-84>;209;1
M;85+;209;1
M;<0-44>;210;1
M;<45-54>;210;1
M;<55-64>;210;1
M;<65-74>;210;0
M;<75-84>;210;1
M;85+;210;1
M;<0-44>;211;1
M;<45-54>;211;0
M;<55-64>;211;0
M;<65-74>;211;0
M;<75-84>;211;0
M;85+;211;1
M;<0-44>;212;1
M;<45-54>;212;1
M;<55-64>;212;1
M;<65-74>;212;1
M;<75-84>;212;0
M;85+;212;1
M;<0-44>;213;1
M;<45-54>;213;1
M;<55-64>;213;1
M;<65-74>;213;1
M;<75-84>;213;1
M;85+;213;0
M;<0-44>;214;1
M;<45-54>;214;1
M;<55-64>;214;1
M;<65-74>;214;1
M;<75-84>;214;1
M;85+;214;1
M;<0-44>;215;1
M;<45-54>;215;1
M;<55-64>;215;1
M;<65-74>;215;1
M;<75-84>;215;1
M;85+;215;1
M;<0-44>;216;1
M;<45-54>;216;1
M;<55-64>;216;1
M;<65-74>;216;1
M;<75-84>;216;1
M;85+;216;1
M;<0-44>;217;1
M;<45-54>;217;1
M;<55-64>;217;1
M;<65-74>;217;1
M;<75-84>;217;1
M;85+;217;1
M;<0-44>;218;1
M;<45-54>;218;1
M;<55-64>;218;1
M;<65-74>;218;1
M;<75-84>;218;1
M;85+;218;1
M;<0-44>;219;1
M;<45-54>;219;1
M;<55-64>;219;1
M;<65-74>;219;1
M;<75-84>;219;1
M;85+;219;1
M;<0-44>;220;1
M;<45-54>;220;1
M;<55-64>;220;1
M;<65-74>;220;1
M;<75-84>;220;1
M;85+;220;1
M;<0-44>;221;1
M;<45-54>;221;1
M;<55-64>;221;1
M;<65-74>;221;1
M;<75-84>;221;1
M;85+;221;1
M;<0-44>;222;1
M;<45-54>;222;1
M;<55-64>;222;1
M;<65-74>;222;1
M;<75-84>;222;1
M;85+;222;1
M;<0-44>;223;1
M;<45-54>;223;0
M;<55-64>;223;0
M;<65-74>;223;1
M;<75-84>;223;1
M;85+;223;1
M;<0-44>;224;1
M;<45-54>;224;1
M;<55-64>;224;1
M;<65-74>;224;1
M;<75-84>;224;1
M;85+;224;1
M;<0-44>;225;1
M;<45-54>;225;1
M;<55-64>;225;1
M;<65-74>;225;1
M;<75-84>;225;0
M;85+;225;1
M;<0-44>;226;1
M;<45-54>;226;1
M;<55-64>;226;1
M;<65-74>;226;1
M;<75-84>;226;1
M;85+;226;1
M;<0-44>;261;1
M;<45-54>;261;1
M;<55-64>;261;1
M;<65-74>;261;1
M;<75-84>;261;1
M;85+;261;1
M;<0-44>;262;1
M;<45-54>;262;1
M;<55-64>;262;2
M;<65-74>;262;1
M;<75-84>;262;1
M;85+;262;1
M;<0-44>;264;0
M;<45-54>;264;0
M;<55-64>;264;1
M;<65-74>;264;2
M;<75-84>;264;1
M;85+;264;0
M;<0-44>;401;1
M;<45-54>;401;0
M;<55-64>;401;0
M;<65-74>;401;1
M;<75-84>;401;1
M;85+;401;1
M;<0-44>;402;1
M;<45-54>;402;1
M;<55-64>;402;1
M;<65-74>;402;1
M;<75-84>;402;1
M;85+;402;1
M;<0-44>;403;1
M;<45-54>;403;1
M;<55-64>;403;1
M;<65-74>;403;1
M;<75-84>;403;1
M;85+;403;0
M;<0-44>;404;2
M;<45-54>;404;1
M;<55-64>;404;1
M;<65-74>;404;0
M;<75-84>;404;1
M;85+;404;0
M;<0-44>;405;1
M;<45-54>;405;1
M;<55-64>;405;1
M;<65-74>;405;1
M;<75-84>;405;1
M;85+;405;0
M;<0-44>;406;1
M;<45-54>;406;1
M;<55-64>;406;1
M;<65-74>;406;1
M;<75-84>;406;0
M;85+;406;0
M;<0-44>;407;1
M;<45-54>;407;1
M;<55-64>;407;1
M;<65-74>;407;1
M;<75-84>;407;1
M;85+;407;1
M;<0-44>;408;1
M;<45-54>;408;0
M;<55-64>;408;0
M;<65-74>;408;1
M;<75-84>;408;1
M;85+;408;1
M;<0-44>;409;1
M;<45-54>;409;1
M;<55-64>;409;1
M;<65-74>;409;1
M;<75-84>;409;1
M;85+;409;0
M;<0-44>;410;1
M;<45-54>;410;1
M;<55-64>;410;1
M;<65-74>;410;1
M;<75-84>;410;1
M;85+;410;0
M;<0-44>;411;1
M;<45-54>;411;1
M;<55-64>;411;1
M;<65-74>;411;1
M;<75-84>;411;1
M;85+;411;0
M;<0-44>;412;1
M;<45-54>;412;1
M;<55-64>;412;1
M;<65-74>;412;1
M;<75-84>;412;1
M;85+;412;0
M;<0-44>;413;1
M;<45-54>;413;1
M;<55-64>;413;1
M;<65-74>;413;1
M;<75-84>;413;1
M;85+;413;0
M;<0-44>;414;1
M;<45-54>;414;1
M;<55-64>;414;1
M;<65-74>;414;1
M;<75-84>;414;1
M;85+;414;1
M;<0-44>;415;1
M;<45-54>;415;1
M;<55-64>;415;1
M;<65-74>;415;1
M;<75-84>;415;1
M;85+;415;0
M;<0-44>;416;2
M;<45-54>;416;1
M;<55-64>;416;1
M;<65-74>;416;1
M;<75-84>;416;1
M;85+;416;0
M;<0-44>;417;1
M;<45-54>;417;1
M;<55-64>;417;1
M;<65-74>;417;1
M;<75-84>;417;1
M;85+;417;0
M;<0-44>;418;1
M;<45-54>;418;1
M;<55-64>;418;1
M;<65-74>;418;1
M;<75-84>;418;1
M;85+;418;1
M;<0-44>;419;1
M;<45-54>;419;1
M;<55-64>;419;1
M;<65-74>;419;1
M;<75-84>;419;1
M;85+;419;0
M;<0-44>;461;2
M;<45-54>;461;1
M;<55-64>;461;1
M;<65-74>;461;1
M;<75-84>;461;1
M;85+;461;1
M;<0-44>;462;1
M;<45-54>;462;1
M;<55-64>;462;1
M;<65-74>;462;1
M;<75-84>;462;1
M;85+;462;1
M;<0-44>;463;1
M;<45-54>;463;1
M;<55-64>;463;1
M;<65-74>;463;1
M;<75-84>;463;1
M;85+;463;1
M;<0-44>;464;1
M;<45-54>;464;1
M;<55-64>;464;1
M;<65-74>;464;1
M;<75-84>;464;1
M;85+;464;1
M;<0-44>;601;1
M;<45-54>;601;1
M;<55-64>;601;1
M;<65-74>;601;1
M;<75-84>;601;1
M;85+;601;0
M;<0-44>;602;1
M;<45-54>;602;1
M;<55-64>;602;1
M;<65-74>;602;1
M;<75-84>;602;1
M;85+;602;1
M;<0-44>;603;1
M;<45-54>;603;1
M;<55-64>;603;1
M;<65-74>;603;1
M;<75-84>;603;1
M;85+;603;1
M;<0-44>;604;1
M;<45-54>;604;0
M;<55-64>;604;1
M;<65-74>;604;1
M;<75-84>;604;1
M;85+;604;1
M;<0-44>;605;1
M;<45-54>;605;1
M;<55-64>;605;1
M;<65-74>;605;1
M;<75-84>;605;1
M;85+;605;0
M;<0-44>;606;1
M;<45-54>;606;1
M;<55-64>;606;0
M;<65-74>;606;1
M;<75-84>;606;1
M;85+;606;1
M;<0-44>;607;1
M;<45-54>;607;1
M;<55-64>;607;1
M;<65-74>;607;1
M;<75-84>;607;0
M;85+;607;1
M;<0-44>;608;1
M;<45-54>;608;1
M;<55-64>;608;1
M;<65-74>;608;1
M;<75-84>;608;1
M;85+;608;1
M;<0-44>;609;1
M;<45-54>;609;1
M;<55-64>;609;1
M;<65-74>;609;1
M;<75-84>;609;1
M;85+;609;0
M;<0-44>;610;1
M;<45-54>;610;1
M;<55-64>;610;1
M;<65-74>;610;1
M;<75-84>;610;1
M;85+;610;0
M;<0-44>;611;1
M;<45-54>;611;1
M;<55-64>;611;1
M;<65-74>;611;1
M;<75-84>;611;1
M;85+;611;1
M;<0-44>;612;1
M;<45-54>;612;1
M;<55-64>;612;0
M;<65-74>;612;1
M;<75-84>;612;1
M;85+;612;0
M;<0-44>;613;1
M;<45-54>;613;1
M;<55-64>;613;1
M;<65-74>;613;1
M;<75-84>;613;1
M;85+;613;1
M;<0-44>;614;1
M;<45-54>;614;1
M;<55-64>;614;1
M;<65-74>;614;1
M;<75-84>;614;1
M;85+;614;1
M;<0-44>;615;1
M;<45-54>;615;0
M;<55-64>;615;0
M;<65-74>;615;1
M;<75-84>;615;1
M;85+;615;1
M;<0-44>;616;1
M;<45-54>;616;1
M;<55-64>;616;1
M;<65-74>;616;1
M;<75-84>;616;1
M;85+;616;0
M;<0-44>;617;1
M;<45-54>;617;1
M;<55-64>;617;1
M;<65-74>;617;1
M;<75-84>;617;1
M;85+;617;1
M;<0-44>;618;1
M;<45-54>;618;1
M;<55-64>;618;1
M;<65-74>;618;1
M;<75-84>;618;1
M;85+;618;1
M;<0-44>;619;1
M;<45-54>;619;1
M;<55-64>;619;1
M;<65-74>;619;1
M;<75-84>;619;1
M;85+;619;1
M;<0-44>;620;1
M;<45-54>;620;1
M;<55-64>;620;1
M;<65-74>;620;0
M;<75-84>;620;1
M;85+;620;0
M;<0-44>;661;1
M;<45-54>;661;1
M;<55-64>;661;1
M;<65-74>;661;1
M;<75-84>;661;1
M;85+;661;1
M;<0-44>;662;2
M;<45-54>;662;1
M;<55-64>;662;1
M;<65-74>;662;1
M;<75-84>;662;1
M;85+;662;1
M;<0-44>;663;1
M;<45-54>;663;1
M;<55-64>;663;1
M;<65-74>;663;1
M;<75-84>;663;1
M;85+;663;1
M;<0-44>;664;1
M;<45-54>;664;1
M;<55-64>;664;1
M;<65-74>;664;1
M;<75-84>;664;1
M;85+;664;1
M;<0-44>;801;1
M;<45-54>;801;1
M;<55-64>;801;1
M;<65-74>;801;1
M;<75-84>;801;1
M;85+;801;1
M;<0-44>;802;1
M;<45-54>;802;1
M;<55-64>;802;1
M;<65-74>;802;1
M;<75-84>;802;1
M;85+;802;0
M;<0-44>;803;1
M;<45-54>;803;1
M;<55-64>;803;1
M;<65-74>;803;1
M;<75-84>;803;1
M;85+;803;1
M;<0-44>;804;1
M;<45-54>;804;0
M;<55-64>;804;0
M;<65-74>;804;1
M;<75-84>;804;1
M;85+;804;1
M;<0-44>;805;1
M;<45-54>;805;1
M;<55-64>;805;1
M;<65-74>;805;1
M;<75-84>;805;1
M;85+;805;1
M;<0-44>;806;2
M;<45-54>;806;1
M;<55-64>;806;1
M;<65-74>;806;1
M;<75-84>;806;1
M;85+;806;1
M;<0-44>;807;1
M;<45-54>;807;1
M;<55-64>;807;1
M;<65-74>;807;1
M;<75-84>;807;0
M;85+;807;0
M;<0-44>;808;2
M;<45-54>;808;1
M;<55-64>;808;1
M;<65-74>;808;1
M;<75-84>;808;1
M;85+;808;1
M;<0-44>;809;1
M;<45-54>;809;1
M;<55-64>;809;1
M;<65-74>;809;1
M;<75-84>;809;1
M;85+;809;1
M;<0-44>;810;1
M;<45-54>;810;1
M;<55-64>;810;1
M;<65-74>;810;1
M;<75-84>;810;1
M;85+;810;1
M;<0-44>;811;1
M;<45-54>;811;1
M;<55-64>;811;1
M;<65-74>;811;1
M;<75-84>;811;1
M;85+;811;1
M;<0-44>;812;1
M;<45-54>;812;1
M;<55-64>;812;1
M;<65-74>;812;1
M;<75-84>;812;1
M;85+;812;1
M;<0-44>;861;1
M;<45-54>;861;1
M;<55-64>;861;1
M;<65-74>;861;1
M;<75-84>;861;1
M;85+;861;1
M;<0-44>;862;1
M;<45-54>;862;1
M;<55-64>;862;1
M;<65-74>;862;0
M;<75-84>;862;1
M;85+;862;1
M;<0-44>;1001;1
M;<45-54>;1001;1
M;<55-64>;1001;1
M;<65-74>;1001;1
M;<75-84>;1001;0
M;85+;1001;0
M;<0-44>;1002;1
M;<45-54>;1002;1
M;<55-64>;1002;1
M;<65-74>;1002;1
M;<75-84>;1002;0
M;85+;1002;0
M;<0-44>;1003;1
M;<45-54>;1003;1
M;<55-64>;1003;1
M;<65-74>;1003;0
M;<75-84>;1003;0
M;85+;1003;0
M;<0-44>;1004;1
M;<45-54>;1004;1
M;<55-64>;1004;1
M;<65-74>;1004;0
M;<75-84>;1004;1
M;85+;1004;0
M;<0-44>;1005;1
M;<45-54>;1005;1
M;<55-64>;1005;1
M;<65-74>;1005;1
M;<75-84>;1005;0
M;85+;1005;0
M;<0-44>;1006;1
M;<45-54>;1006;1
M;<55-64>;1006;1
M;<65-74>;1006;1
M;<75-84>;1006;1
M;85+;1006;0
M;<0-44>;1007;1
M;<45-54>;1007;1
M;<55-64>;1007;1
M;<65-74>;1007;1
M;<75-84>;1007;1
M;85+;1007;0
M;<0-44>;1008;1
M;<45-54>;1008;1
M;<55-64>;1008;1
M;<65-74>;1008;2
M;<75-84>;1008;0
M;85+;1008;0
M;<0-44>;1009;1
M;<45-54>;1009;1
M;<55-64>;1009;1
M;<65-74>;1009;0
M;<75-84>;1009;1
M;85+;1009;1
M;<0-44>;1010;1
M;<45-54>;1010;1
M;<55-64>;1010;1
M;<65-74>;1010;1
M;<75-84>;1010;0
M;85+;1010;0
M;<0-44>;1011;2
M;<45-54>;1011;1
M;<55-64>;1011;1
M;<65-74>;1011;0
M;<75-84>;1011;1
M;85+;1011;1
M;<0-44>;1012;1
M;<45-54>;1012;1
M;<55-64>;1012;1
M;<65-74>;1012;0
M;<75-84>;1012;0
M;85+;1012;0
M;<0-44>;1013;1
M;<45-54>;1013;1
M;<55-64>;1013;1
M;<65-74>;1013;0
M;<75-84>;1013;0
M;85+;1013;0
M;<0-44>;1014;1
M;<45-54>;1014;1
M;<55-64>;1014;1
M;<65-74>;1014;1
M;<75-84>;1014;0
M;85+;1014;0
M;<0-44>;1015;1
M;<45-54>;1015;1
M;<55-64>;1015;1
M;<65-74>;1015;1
M;<75-84>;1015;1
M;85+;1015;0
M;<0-44>;1016;1
M;<45-54>;1016;1
M;<55-64>;1016;1
M;<65-74>;1016;1
M;<75-84>;1016;1
M;85+;1016;0
M;<0-44>;1017;1
M;<45-54>;1017;1
M;<55-64>;1017;1
M;<65-74>;1017;1
M;<75-84>;1017;1
M;85+;1017;0
M;<0-44>;1018;1
M;<45-54>;1018;1
M;<55-64>;1018;1
M;<65-74>;1018;1
M;<75-84>;1018;1
M;85+;1018;0
M;<0-44>;1019;1
M;<45-54>;1019;1
M;<55-64>;1019;1
M;<65-74>;1019;1
M;<75-84>;1019;1
M;85+;1019;0
M;<0-44>;1020;1
M;<45-54>;1020;1
M;<55-64>;1020;1
M;<65-74>;1020;1
M;<75-84>;1020;0
M;85+;1020;0
M;<0-44>;1021;1
M;<45-54>;1021;0
M;<55-64>;1021;0
M;<65-74>;1021;0
M;<75-84>;1021;0
M;85+;1021;0
M;<0-44>;1061;1
M;<45-54>;1061;1
M;<55-64>;1061;4
M;<65-74>;1061;4
M;<75-84>;1061;4
M;85+;1061;1
M;<0-44>;1062;1
M;<45-54>;1062;1
M;<55-64>;1062;1
M;<65-74>;1062;0
M;<75-84>;1062;1
M;85+;1062;0
M;<0-44>;1063;1
M;<45-54>;1063;1
M;<55-64>;1063;1
M;<65-74>;1063;0
M;<75-84>;1063;1
M;85+;1063;1
M;<0-44>;1201;1
M;<45-54>;1201;1
M;<55-64>;1201;1
M;<65-74>;1201;1
M;<75-84>;1201;0
M;85+;1201;1
M;<0-44>;1202;1
M;<45-54>;1202;1
M;<55-64>;1202;1
M;<65-74>;1202;1
M;<75-84>;1202;0
M;85+;1202;1
M;<0-44>;1203;1
M;<45-54>;1203;1
M;<55-64>;1203;1
M;<65-74>;1203;1
M;<75-84>;1203;1
M;85+;1203;1
M;<0-44>;1204;1
M;<45-54>;1204;1
M;<55-64>;1204;1
M;<65-74>;1204;0
M;<75-84>;1204;1
M;85+;1204;0
M;<0-44>;1205;1
M;<45-54>;1205;1
M;<55-64>;1205;1
M;<65-74>;1205;1
M;<75-84>;1205;0
M;85+;1205;1
M;<0-44>;1206;1
M;<45-54>;1206;1
M;<55-64>;1206;1
M;<65-74>;1206;2
M;<75-84>;1206;2
M;85+;1206;1
M;<0-44>;1207;1
M;<45-54>;1207;1
M;<55-64>;1207;1
M;<65-74>;1207;1
M;<75-84>;1207;0
M;85+;1207;1
M;<0-44>;1208;1
M;<45-54>;1208;1
M;<55-64>;1208;1
M;<65-74>;1208;0
M;<75-84>;1208;1
M;85+;1208;1
M;<0-44>;1209;1
M;<45-54>;1209;1
M;<55-64>;1209;1
M;<65-74>;1209;1
M;<75-84>;1209;0
M;85+;1209;1
M;<0-44>;1210;1
M;<45-54>;1210;1
M;<55-64>;1210;2
M;<65-74>;1210;2
M;<75-84>;1210;1
M;85+;1210;1
M;<0-44>;1211;1
M;<45-54>;1211;1
M;<55-64>;1211;2
M;<65-74>;1211;1
M;<75-84>;1211;1
M;85+;1211;1
M;<0-44>;1212;1
M;<45-54>;1212;1
M;<55-64>;1212;1
M;<65-74>;1212;0
M;<75-84>;1212;1
M;85+;1212;1
M;<0-44>;1213;1
M;<45-54>;1213;2
M;<55-64>;1213;2
M;<65-74>;1213;3
M;<75-84>;1213;1
M;85+;1213;1
M;<0-44>;1214;1
M;<45-54>;1214;1
M;<55-64>;1214;1
M;<65-74>;1214;0
M;<75-84>;1214;1
M;85+;1214;0
M;<0-44>;1215;1
M;<45-54>;1215;1
M;<55-64>;1215;1
M;<65-74>;1215;1
M;<75-84>;1215;0
M;85+;1215;1
M;<0-44>;1216;1
M;<45-54>;1216;1
M;<55-64>;1216;1
M;<65-74>;1216;1
M;<75-84>;1216;1
M;85+;1216;1
M;<0-44>;1217;1
M;<45-54>;1217;1
M;<55-64>;1217;1
M;<65-74>;1217;0
M;<75-84>;1217;1
M;85+;1217;1
M;<0-44>;1218;1
M;<45-54>;1218;1
M;<55-64>;1218;1
M;<65-74>;1218;2
M;<75-84>;1218;0
M;85+;1218;1
M;<0-44>;1219;1
M;<45-54>;1219;1
M;<55-64>;1219;1
M;<65-74>;1219;1
M;<75-84>;1219;1
M;85+;1219;1
M;<0-44>;1261;1
M;<45-54>;1261;1
M;<55-64>;1261;3
M;<65-74>;1261;2
M;<75-84>;1261;2
M;85+;1261;1
M;<0-44>;1262;1
M;<45-54>;1262;1
M;<55-64>;1262;1
M;<65-74>;1262;1
M;<75-84>;1262;1
M;85+;1262;1
M;<0-44>;1263;1
M;<45-54>;1263;1
M;<55-64>;1263;1
M;<65-74>;1263;1
M;<75-84>;1263;1
M;85+;1263;1
M;<0-44>;1401;1
M;<45-54>;1401;1
M;<55-64>;1401;1
M;<65-74>;1401;1
M;<75-84>;1401;0
M;85+;1401;0
M;<0-44>;1402;1
M;<45-54>;1402;1
M;<55-64>;1402;1
M;<65-74>;1402;1
M;<75-84>;1402;1
M;85+;1402;0
M;<0-44>;1403;1
M;<45-54>;1403;1
M;<55-64>;1403;1
M;<65-74>;1403;1
M;<75-84>;1403;1
M;85+;1403;1
M;<0-44>;1404;1
M;<45-54>;1404;1
M;<55-64>;1404;1
M;<65-74>;1404;0
M;<75-84>;1404;0
M;85+;1404;0
M;<0-44>;1405;1
M;<45-54>;1405;1
M;<55-64>;1405;1
M;<65-74>;1405;1
M;<75-84>;1405;1
M;85+;1405;1
M;<0-44>;1406;1
M;<45-54>;1406;1
M;<55-64>;1406;1
M;<65-74>;1406;1
M;<75-84>;1406;1
M;85+;1406;1
M;<0-44>;1407;2
M;<45-54>;1407;1
M;<55-64>;1407;1
M;<65-74>;1407;0
M;<75-84>;1407;0
M;85+;1407;0
M;<0-44>;1408;1
M;<45-54>;1408;1
M;<55-64>;1408;1
M;<65-74>;1408;0
M;<75-84>;1408;1
M;85+;1408;0
M;<0-44>;1409;1
M;<45-54>;1409;1
M;<55-64>;1409;1
M;<65-74>;1409;1
M;<75-84>;1409;0
M;85+;1409;0
M;<0-44>;1410;1
M;<45-54>;1410;0
M;<55-64>;1410;0
M;<65-74>;1410;1
M;<75-84>;1410;1
M;85+;1410;1
M;<0-44>;1411;1
M;<45-54>;1411;1
M;<55-64>;1411;1
M;<65-74>;1411;1
M;<75-84>;1411;0
M;85+;1411;0
M;<0-44>;1412;1
M;<45-54>;1412;1
M;<55-64>;1412;1
M;<65-74>;1412;1
M;<75-84>;1412;1
M;85+;1412;0
M;<0-44>;1413;0
M;<45-54>;1413;0
M;<55-64>;1413;1
M;<65-74>;1413;0
M;<75-84>;1413;1
M;85+;1413;1
M;<0-44>;1414;1
M;<45-54>;1414;1
M;<55-64>;1414;1
M;<65-74>;1414;1
M;<75-84>;1414;0
M;85+;1414;1
M;<0-44>;1415;0
M;<45-54>;1415;1
M;<55-64>;1415;1
M;<65-74>;1415;1
M;<75-84>;1415;0
M;85+;1415;1
M;<0-44>;1416;0
M;<45-54>;1416;0
M;<55-64>;1416;0
M;<65-74>;1416;1
M;<75-84>;1416;1
M;85+;1416;1
M;<0-44>;1417;1
M;<45-54>;1417;1
M;<55-64>;1417;1
M;<65-74>;1417;0
M;<75-84>;1417;0
M;85+;1417;0
M;<0-44>;1418;1
M;<45-54>;1418;1
M;<55-64>;1418;1
M;<65-74>;1418;1
M;<75-84>;1418;1
M;85+;1418;0
M;<0-44>;1419;1
M;<45-54>;1419;1
M;<55-64>;1419;1
M;<65-74>;1419;1
M;<75-84>;1419;1
M;85+;1419;1
M;<0-44>;1420;1
M;<45-54>;1420;0
M;<55-64>;1420;0
M;<65-74>;1420;1
M;<75-84>;1420;1
M;85+;1420;1
M;<0-44>;1421;1
M;<45-54>;1421;1
M;<55-64>;1421;1
M;<65-74>;1421;1
M;<75-84>;1421;1
M;85+;1421;1
M;<0-44>;1422;1
M;<45-54>;1422;1
M;<55-64>;1422;1
M;<65-74>;1422;1
M;<75-84>;1422;0
M;85+;1422;0
M;<0-44>;1423;1
M;<45-54>;1423;1
M;<55-64>;1423;1
M;<65-74>;1423;1
M;<75-84>;1423;0
M;85+;1423;1
M;<0-44>;1424;1
M;<45-54>;1424;1
M;<55-64>;1424;1
M;<65-74>;1424;0
M;<75-84>;1424;1
M;85+;1424;1
M;<0-44>;1425;1
M;<45-54>;1425;1
M;<55-64>;1425;1
M;<65-74>;1425;1
M;<75-84>;1425;1
M;85+;1425;0
M;<0-44>;1426;1
M;<45-54>;1426;1
M;<55-64>;1426;1
M;<65-74>;1426;1
M;<75-84>;1426;1
M;85+;1426;1
M;<0-44>;1427;1
M;<45-54>;1427;1
M;<55-64>;1427;1
M;<65-74>;1427;0
M;<75-84>;1427;1
M;85+;1427;1
M;<0-44>;1428;1
M;<45-54>;1428;1
M;<55-64>;1428;1
M;<65-74>;1428;1
M;<75-84>;1428;0
M;85+;1428;1
M;<0-44>;1429;1
M;<45-54>;1429;1
M;<55-64>;1429;1
M;<65-74>;1429;1
M;<75-84>;1429;0
M;85+;1429;1
M;<0-44>;1430;1
M;<45-54>;1430;1
M;<55-64>;1430;1
M;<65-74>;1430;1
M;<75-84>;1430;1
M;85+;1430;1
M;<0-44>;1432;1
M;<45-54>;1432;1
M;<55-64>;1432;1
M;<65-74>;1432;1
M;<75-84>;1432;1
M;85+;1432;1
M;<0-44>;1433;1
M;<45-54>;1433;0
M;<55-64>;1433;1
M;<65-74>;1433;0
M;<75-84>;1433;1
M;85+;1433;1
M;<0-44>;1434;1
M;<45-54>;1434;1
M;<55-64>;1434;2
M;<65-74>;1434;2
M;<75-84>;1434;1
M;85+;1434;1
M;<0-44>;1435;1
M;<45-54>;1435;1
M;<55-64>;1435;1
M;<65-74>;1435;1
M;<75-84>;1435;1
M;85+;1435;1
M;<0-44>;1436;1
M;<45-54>;1436;1
M;<55-64>;1436;1
M;<65-74>;1436;1
M;<75-84>;1436;1
M;85+;1436;0
M;<0-44>;1437;1
M;<45-54>;1437;1
M;<55-64>;1437;1
M;<65-74>;1437;0
M;<75-84>;1437;0
M;85+;1437;0
M;<0-44>;1438;1
M;<45-54>;1438;1
M;<55-64>;1438;1
M;<65-74>;1438;1
M;<75-84>;1438;0
M;85+;1438;1
M;<0-44>;1461;1
M;<45-54>;1461;1
M;<55-64>;1461;1
M;<65-74>;1461;1
M;<75-84>;1461;1
M;85+;1461;0
M;<0-44>;1462;1
M;<45-54>;1462;1
M;<55-64>;1462;1
M;<65-74>;1462;1
M;<75-84>;1462;0
M;85+;1462;0
M;<0-44>;1463;1
M;<45-54>;1463;1
M;<55-64>;1463;1
M;<65-74>;1463;1
M;<75-84>;1463;1
M;85+;1463;1
M;<0-44>;1464;1
M;<45-54>;1464;1
M;<55-64>;1464;1
M;<65-74>;1464;1
M;<75-84>;1464;1
M;85+;1464;0
M;<0-44>;1465;4
M;<45-54>;1465;4
M;<55-64>;1465;8
M;<65-74>;1465;9
M;<75-84>;1465;8
M;85+;1465;2
M;<0-44>;1601;1
M;<45-54>;1601;1
M;<55-64>;1601;1
M;<65-74>;1601;1
M;<75-84>;1601;1
M;85+;1601;1
M;<0-44>;1602;1
M;<45-54>;1602;1
M;<55-64>;1602;1
M;<65-74>;1602;1
M;<75-84>;1602;1
M;85+;1602;1
M;<0-44>;1603;1
M;<45-54>;1603;1
M;<55-64>;1603;1
M;<65-74>;1603;1
M;<75-84>;1603;1
M;85+;1603;1
M;<0-44>;1604;1
M;<45-54>;1604;1
M;<55-64>;1604;1
M;<65-74>;1604;1
M;<75-84>;1604;1
M;85+;1604;1
M;<0-44>;1605;1
M;<45-54>;1605;1
M;<55-64>;1605;1
M;<65-74>;1605;1
M;<75-84>;1605;1
M;85+;1605;0
M;<0-44>;1606;1
M;<45-54>;1606;1
M;<55-64>;1606;1
M;<65-74>;1606;1
M;<75-84>;1606;1
M;85+;1606;1
M;<0-44>;1607;1
M;<45-54>;1607;1
M;<55-64>;1607;1
M;<65-74>;1607;1
M;<75-84>;1607;1
M;85+;1607;1
M;<0-44>;1608;1
M;<45-54>;1608;1
M;<55-64>;1608;1
M;<65-74>;1608;1
M;<75-84>;1608;1
M;85+;1608;0
M;<0-44>;1609;1
M;<45-54>;1609;1
M;<55-64>;1609;1
M;<65-74>;1609;1
M;<75-84>;1609;1
M;85+;1609;1
M;<0-44>;1610;1
M;<45-54>;1610;1
M;<55-64>;1610;1
M;<65-74>;1610;1
M;<75-84>;1610;1
M;85+;1610;1
M;<0-44>;1611;1
M;<45-54>;1611;1
M;<55-64>;1611;1
M;<65-74>;1611;1
M;<75-84>;1611;1
M;85+;1611;1
M;<0-44>;1661;1
M;<45-54>;1661;1
M;<55-64>;1661;1
M;<65-74>;1661;2
M;<75-84>;1661;1
M;85+;1661;1
M;<0-44>;1801;1
M;<45-54>;1801;1
M;<55-64>;1801;1
M;<65-74>;1801;1
M;<75-84>;1801;1
M;85+;1801;1
M;<0-44>;1802;1
M;<45-54>;1802;1
M;<55-64>;1802;1
M;<65-74>;1802;1
M;<75-84>;1802;1
M;85+;1802;0
M;<0-44>;1803;1
M;<45-54>;1803;1
M;<55-64>;1803;1
M;<65-74>;1803;1
M;<75-84>;1803;1
M;85+;1803;1
M;<0-44>;1804;1
M;<45-54>;1804;1
M;<55-64>;1804;1
M;<65-74>;1804;1
M;<75-84>;1804;0
M;85+;1804;1
M;<0-44>;1805;1
M;<45-54>;1805;1
M;<55-64>;1805;1
M;<65-74>;1805;1
M;<75-84>;1805;0
M;85+;1805;1
M;<0-44>;1806;1
M;<45-54>;1806;1
M;<55-64>;1806;1
M;<65-74>;1806;1
M;<75-84>;1806;1
M;85+;1806;0
M;<0-44>;1807;1
M;<45-54>;1807;1
M;<55-64>;1807;1
M;<65-74>;1807;1
M;<75-84>;1807;1
M;85+;1807;1
M;<0-44>;1808;1
M;<45-54>;1808;1
M;<55-64>;1808;1
M;<65-74>;1808;1
M;<75-84>;1808;1
M;85+;1808;1
M;<0-44>;1809;1
M;<45-54>;1809;1
M;<55-64>;1809;1
M;<65-74>;1809;1
M;<75-84>;1809;1
M;85+;1809;0
M;<0-44>;1810;1
M;<45-54>;1810;1
M;<55-64>;1810;1
M;<65-74>;1810;1
M;<75-84>;1810;1
M;85+;1810;1
M;<0-44>;1811;1
M;<45-54>;1811;1
M;<55-64>;1811;1
M;<65-74>;1811;1
M;<75-84>;1811;1
M;85+;1811;1
M;<0-44>;1812;1
M;<45-54>;1812;1
M;<55-64>;1812;1
M;<65-74>;1812;1
M;<75-84>;1812;1
M;85+;1812;0
M;<0-44>;1813;1
M;<45-54>;1813;1
M;<55-64>;1813;1
M;<65-74>;1813;1
M;<75-84>;1813;1
M;85+;1813;1
M;<0-44>;1814;1
M;<45-54>;1814;1
M;<55-64>;1814;1
M;<65-74>;1814;1
M;<75-84>;1814;1
M;85+;1814;1
M;<0-44>;1815;0
M;<45-54>;1815;1
M;<55-64>;1815;1
M;<65-74>;1815;1
M;<75-84>;1815;1
M;85+;1815;1
M;<0-44>;1816;1
M;<45-54>;1816;1
M;<55-64>;1816;2
M;<65-74>;1816;1
M;<75-84>;1816;1
M;85+;1816;1
M;<0-44>;1817;1
M;<45-54>;1817;1
M;<55-64>;1817;1
M;<65-74>;1817;1
M;<75-84>;1817;1
M;85+;1817;1
M;<0-44>;1818;1
M;<45-54>;1818;1
M;<55-64>;1818;1
M;<65-74>;1818;1
M;<75-84>;1818;1
M;85+;1818;1
M;<0-44>;1819;1
M;<45-54>;1819;1
M;<55-64>;1819;1
M;<65-74>;1819;1
M;<75-84>;1819;1
M;85+;1819;0
M;<0-44>;1820;1
M;<45-54>;1820;1
M;<55-64>;1820;1
M;<65-74>;1820;1
M;<75-84>;1820;1
M;85+;1820;0
M;<0-44>;1821;1
M;<45-54>;1821;1
M;<55-64>;1821;1
M;<65-74>;1821;1
M;<75-84>;1821;0
M;85+;1821;0
M;<0-44>;1861;1
M;<45-54>;1861;1
M;<55-64>;1861;1
M;<65-74>;1861;1
M;<75-84>;1861;1
M;85+;1861;1
M;<0-44>;1862;1
M;<45-54>;1862;1
M;<55-64>;1862;1
M;<65-74>;1862;1
M;<75-84>;1862;1
M;85+;1862;1
M;<0-44>;1863;1
M;<45-54>;1863;1
M;<55-64>;1863;1
M;<65-74>;1863;2
M;<75-84>;1863;2
M;85+;1863;1
M;<0-44>;1864;1
M;<45-54>;1864;1
M;<55-64>;1864;1
M;<65-74>;1864;1
M;<75-84>;1864;1
M;85+;1864;0
M;<0-44>;2001;1
M;<45-54>;2001;1
M;<55-64>;2001;1
M;<65-74>;2001;1
M;<75-84>;2001;1
M;85+;2001;0
M;<0-44>;2002;1
M;<45-54>;2002;1
M;<55-64>;2002;1
M;<65-74>;2002;1
M;<75-84>;2002;1
M;85+;2002;1
M;<0-44>;2003;1
M;<45-54>;2003;1
M;<55-64>;2003;1
M;<65-74>;2003;0
M;<75-84>;2003;1
M;85+;2003;0
M;<0-44>;2004;1
M;<45-54>;2004;1
M;<55-64>;2004;1
M;<65-74>;2004;1
M;<75-84>;2004;1
M;85+;2004;0
M;<0-44>;2005;2
M;<45-54>;2005;1
M;<55-64>;2005;1
M;<65-74>;2005;1
M;<75-84>;2005;1
M;85+;2005;0
M;<0-44>;2006;1
M;<45-54>;2006;1
M;<55-64>;2006;1
M;<65-74>;2006;1
M;<75-84>;2006;1
M;85+;2006;0
M;<0-44>;2007;1
M;<45-54>;2007;1
M;<55-64>;2007;1
M;<65-74>;2007;1
M;<75-84>;2007;1
M;85+;2007;1
M;<0-44>;2008;1
M;<45-54>;2008;1
M;<55-64>;2008;1
M;<65-74>;2008;1
M;<75-84>;2008;1
M;85+;2008;1
M;<0-44>;2009;1
M;<45-54>;2009;1
M;<55-64>;2009;1
M;<65-74>;2009;1
M;<75-84>;2009;1
M;85+;2009;1
M;<0-44>;2010;1
M;<45-54>;2010;1
M;<55-64>;2010;1
M;<65-74>;2010;1
M;<75-84>;2010;1
M;85+;2010;0
M;<0-44>;2011;1
M;<45-54>;2011;1
M;<55-64>;2011;1
M;<65-74>;2011;1
M;<75-84>;2011;1
M;85+;2011;0
M;<0-44>;2012;1
M;<45-54>;2012;1
M;<55-64>;2012;1
M;<65-74>;2012;1
M;<75-84>;2012;1
M;85+;2012;0
M;<0-44>;2013;2
M;<45-54>;2013;1
M;<55-64>;2013;1
M;<65-74>;2013;1
M;<75-84>;2013;1
M;85+;2013;1
M;<0-44>;2014;1
M;<45-54>;2014;1
M;<55-64>;2014;1
M;<65-74>;2014;1
M;<75-84>;2014;1
M;85+;2014;0
M;<0-44>;2061;3
M;<45-54>;2061;2
M;<55-64>;2061;3
M;<65-74>;2061;3
M;<75-84>;2061;3
M;85+;2061;1
M;<0-44>;2062;1
M;<45-54>;2062;1
M;<55-64>;2062;1
M;<65-74>;2062;1
M;<75-84>;2062;1
M;85+;2062;0
M;<0-44>;2063;1
M;<45-54>;2063;1
M;<55-64>;2063;1
M;<65-74>;2063;1
M;<75-84>;2063;1
M;85+;2063;0
M;<0-44>;2201;1
M;<45-54>;2201;1
M;<55-64>;2201;1
M;<65-74>;2201;1
M;<75-84>;2201;1
M;85+;2201;1
M;<0-44>;2202;1
M;<45-54>;2202;1
M;<55-64>;2202;1
M;<65-74>;2202;1
M;<75-84>;2202;1
M;85+;2202;0
M;<0-44>;2203;1
M;<45-54>;2203;1
M;<55-64>;2203;1
M;<65-74>;2203;1
M;<75-84>;2203;1
M;85+;2203;0
M;<0-44>;2204;1
M;<45-54>;2204;1
M;<55-64>;2204;1
M;<65-74>;2204;1
M;<75-84>;2204;1
M;85+;2204;0
M;<0-44>;2205;1
M;<45-54>;2205;1
M;<55-64>;2205;1
M;<65-74>;2205;1
M;<75-84>;2205;1
M;85+;2205;0
M;<0-44>;2206;1
M;<45-54>;2206;0
M;<55-64>;2206;0
M;<65-74>;2206;1
M;<75-84>;2206;1
M;85+;2206;1
M;<0-44>;2207;1
M;<45-54>;2207;0
M;<55-64>;2207;0
M;<65-74>;2207;1
M;<75-84>;2207;1
M;85+;2207;1
M;<0-44>;2208;1
M;<45-54>;2208;0
M;<55-64>;2208;1
M;<65-74>;2208;1
M;<75-84>;2208;1
M;85+;2208;0
M;<0-44>;2209;1
M;<45-54>;2209;0
M;<55-64>;2209;1
M;<65-74>;2209;1
M;<75-84>;2209;1
M;85+;2209;0
M;<0-44>;2210;1
M;<45-54>;2210;1
M;<55-64>;2210;1
M;<65-74>;2210;1
M;<75-84>;2210;0
M;85+;2210;0
M;<0-44>;2211;1
M;<45-54>;2211;1
M;<55-64>;2211;1
M;<65-74>;2211;1
M;<75-84>;2211;1
M;85+;2211;0
M;<0-44>;2212;1
M;<45-54>;2212;1
M;<55-64>;2212;1
M;<65-74>;2212;1
M;<75-84>;2212;1
M;85+;2212;0
M;<0-44>;2213;1
M;<45-54>;2213;1
M;<55-64>;2213;1
M;<65-74>;2213;1
M;<75-84>;2213;1
M;85+;2213;0
M;<0-44>;2214;1
M;<45-54>;2214;1
M;<55-64>;2214;1
M;<65-74>;2214;1
M;<75-84>;2214;1
M;85+;2214;0
M;<0-44>;2215;1
M;<45-54>;2215;1
M;<55-64>;2215;1
M;<65-74>;2215;2
M;<75-84>;2215;1
M;85+;2215;0
M;<0-44>;2216;1
M;<45-54>;2216;1
M;<55-64>;2216;1
M;<65-74>;2216;1
M;<75-84>;2216;1
M;85+;2216;0
M;<0-44>;2261;4
M;<45-54>;2261;2
M;<55-64>;2261;6
M;<65-74>;2261;12
M;<75-84>;2261;10
M;85+;2261;3
M;<0-44>;2262;2
M;<45-54>;2262;2
M;<55-64>;2262;3
M;<65-74>;2262;2
M;<75-84>;2262;3
M;85+;2262;1
M;<0-44>;2263;1
M;<45-54>;2263;1
M;<55-64>;2263;1
M;<65-74>;2263;1
M;<75-84>;2263;1
M;85+;2263;1
M;<0-44>;2264;1
M;<45-54>;2264;1
M;<55-64>;2264;1
M;<65-74>;2264;1
M;<75-84>;2264;1
M;85+;2264;1
M;<0-44>;2401;1
M;<45-54>;2401;1
M;<55-64>;2401;1
M;<65-74>;2401;1
M;<75-84>;2401;0
M;85+;2401;0
M;<0-44>;2402;1
M;<45-54>;2402;1
M;<55-64>;2402;1
M;<65-74>;2402;1
M;<75-84>;2402;0
M;85+;2402;0
M;<0-44>;2403;1
M;<45-54>;2403;1
M;<55-64>;2403;1
M;<65-74>;2403;1
M;<75-84>;2403;1
M;85+;2403;0
M;<0-44>;2404;1
M;<45-54>;2404;1
M;<55-64>;2404;3
M;<65-74>;2404;2
M;<75-84>;2404;1
M;85+;2404;0
M;<0-44>;2405;1
M;<45-54>;2405;1
M;<55-64>;2405;1
M;<65-74>;2405;1
M;<75-84>;2405;0
M;85+;2405;0
M;<0-44>;2406;1
M;<45-54>;2406;1
M;<55-64>;2406;1
M;<65-74>;2406;1
M;<75-84>;2406;1
M;85+;2406;1
M;<0-44>;2407;1
M;<45-54>;2407;1
M;<55-64>;2407;1
M;<65-74>;2407;1
M;<75-84>;2407;1
M;85+;2407;0
M;<0-44>;2408;1
M;<45-54>;2408;1
M;<55-64>;2408;1
M;<65-74>;2408;1
M;<75-84>;2408;1
M;85+;2408;0
M;<0-44>;2409;1
M;<45-54>;2409;1
M;<55-64>;2409;1
M;<65-74>;2409;1
M;<75-84>;2409;1
M;85+;2409;0
M;<0-44>;2410;1
M;<45-54>;2410;1
M;<55-64>;2410;1
M;<65-74>;2410;1
M;<75-84>;2410;1
M;85+;2410;0
M;<0-44>;2411;1
M;<45-54>;2411;1
M;<55-64>;2411;1
M;<65-74>;2411;1
M;<75-84>;2411;0
M;85+;2411;0
M;<0-44>;2412;1
M;<45-54>;2412;1
M;<55-64>;2412;1
M;<65-74>;2412;1
M;<75-84>;2412;1
M;85+;2412;0
M;<0-44>;2413;1
M;<45-54>;2413;1
M;<55-64>;2413;1
M;<65-74>;2413;1
M;<75-84>;2413;0
M;85+;2413;0
M;<0-44>;2414;1
M;<45-54>;2414;1
M;<55-64>;2414;1
M;<65-74>;2414;1
M;<75-84>;2414;1
M;85+;2414;0
M;<0-44>;2415;0
M;<45-54>;2415;0
M;<55-64>;2415;0
M;<65-74>;2415;1
M;<75-84>;2415;0
M;85+;2415;0
M;<0-44>;2416;1
M;<45-54>;2416;1
M;<55-64>;2416;1
M;<65-74>;2416;1
M;<75-84>;2416;1
M;85+;2416;0
M;<0-44>;2417;1
M;<45-54>;2417;1
M;<55-64>;2417;1
M;<65-74>;2417;1
M;<75-84>;2417;1
M;85+;2417;0
M;<0-44>;2461;1
M;<45-54>;2461;1
M;<55-64>;2461;1
M;<65-74>;2461;1
M;<75-84>;2461;1
M;85+;2461;1
M;<0-44>;2462;1
M;<45-54>;2462;1
M;<55-64>;2462;1
M;<65-74>;2462;1
M;<75-84>;2462;1
M;85+;2462;0
M;<0-44>;2463;1
M;<45-54>;2463;1
M;<55-64>;2463;1
M;<65-74>;2463;1
M;<75-84>;2463;1
M;85+;2463;0
M;<0-44>;2464;2
M;<45-54>;2464;2
M;<55-64>;2464;2
M;<65-74>;2464;6
M;<75-84>;2464;3
M;85+;2464;1
M;<0-44>;2465;1
M;<45-54>;2465;1
M;<55-64>;2465;1
M;<65-74>;2465;1
M;<75-84>;2465;0
M;85+;2465;0
M;<0-44>;2466;1
M;<45-54>;2466;1
M;<55-64>;2466;1
M;<65-74>;2466;1
M;<75-84>;2466;1
M;85+;2466;1
M;<0-44>;2467;1
M;<45-54>;2467;0
M;<55-64>;2467;1
M;<65-74>;2467;0
M;<75-84>;2467;0
M;85+;2467;0
M;<0-44>;2468;1
M;<45-54>;2468;1
M;<55-64>;2468;1
M;<65-74>;2468;1
M;<75-84>;2468;0
M;85+;2468;0
M;<0-44>;2469;1
M;<45-54>;2469;1
M;<55-64>;2469;1
M;<65-74>;2469;2
M;<75-84>;2469;1
M;85+;2469;1
M;<0-44>;2470;1
M;<45-54>;2470;1
M;<55-64>;2470;1
M;<65-74>;2470;0
M;<75-84>;2470;1
M;85+;2470;1
M;<0-44>;2471;1
M;<45-54>;2471;1
M;<55-64>;2471;1
M;<65-74>;2471;1
M;<75-84>;2471;1
M;85+;2471;0
M;<0-44>;2472;1
M;<45-54>;2472;1
M;<55-64>;2472;1
M;<65-74>;2472;1
M;<75-84>;2472;1
M;85+;2472;0
M;<0-44>;2473;1
M;<45-54>;2473;0
M;<55-64>;2473;1
M;<65-74>;2473;1
M;<75-84>;2473;0
M;85+;2473;0
M;<0-44>;2474;1
M;<45-54>;2474;1
M;<55-64>;2474;1
M;<65-74>;2474;1
M;<75-84>;2474;1
M;85+;2474;0
M;<0-44>;2475;1
M;<45-54>;2475;1
M;<55-64>;2475;1
M;<65-74>;2475;1
M;<75-84>;2475;1
M;85+;2475;1
M;<0-44>;2476;1
M;<45-54>;2476;1
M;<55-64>;2476;1
M;<65-74>;2476;1
M;<75-84>;2476;1
M;85+;2476;0
M;<0-44>;2477;1
M;<45-54>;2477;1
M;<55-64>;2477;1
M;<65-74>;2477;1
M;<75-84>;2477;0
M;85+;2477;0
M;<0-44>;2478;1
M;<45-54>;2478;1
M;<55-64>;2478;1
M;<65-74>;2478;1
M;<75-84>;2478;1
M;85+;2478;1
M;<0-44>;2479;1
M;<45-54>;2479;1
M;<55-64>;2479;1
M;<65-74>;2479;0
M;<75-84>;2479;1
M;85+;2479;0
M;<0-44>;2601;1
M;<45-54>;2601;1
M;<55-64>;2601;1
M;<65-74>;2601;1
M;<75-84>;2601;0
M;85+;2601;1
M;<0-44>;2602;1
M;<45-54>;2602;1
M;<55-64>;2602;1
M;<65-74>;2602;1
M;<75-84>;2602;0
M;85+;2602;1
M;<0-44>;2603;1
M;<45-54>;2603;1
M;<55-64>;2603;1
M;<65-74>;2603;0
M;<75-84>;2603;1
M;85+;2603;1
M;<0-44>;2604;1
M;<45-54>;2604;1
M;<55-64>;2604;1
M;<65-74>;2604;1
M;<75-84>;2604;1
M;85+;2604;1
M;<0-44>;2605;1
M;<45-54>;2605;1
M;<55-64>;2605;1
M;<65-74>;2605;1
M;<75-84>;2605;0
M;85+;2605;1
M;<0-44>;2606;1
M;<45-54>;2606;1
M;<55-64>;2606;1
M;<65-74>;2606;0
M;<75-84>;2606;1
M;85+;2606;1
M;<0-44>;2607;1
M;<45-54>;2607;1
M;<55-64>;2607;1
M;<65-74>;2607;1
M;<75-84>;2607;1
M;85+;2607;1
M;<0-44>;2608;1
M;<45-54>;2608;1
M;<55-64>;2608;1
M;<65-74>;2608;0
M;<75-84>;2608;1
M;85+;2608;1
M;<0-44>;2609;1
M;<45-54>;2609;1
M;<55-64>;2609;1
M;<65-74>;2609;1
M;<75-84>;2609;0
M;85+;2609;1
M;<0-44>;2610;1
M;<45-54>;2610;1
M;<55-64>;2610;1
M;<65-74>;2610;2
M;<75-84>;2610;0
M;85+;2610;1
M;<0-44>;2611;1
M;<45-54>;2611;1
M;<55-64>;2611;1
M;<65-74>;2611;1
M;<75-84>;2611;1
M;85+;2611;1
M;<0-44>;2612;1
M;<45-54>;2612;1
M;<55-64>;2612;1
M;<65-74>;2612;1
M;<75-84>;2612;0
M;85+;2612;1
M;<0-44>;2613;1
M;<45-54>;2613;1
M;<55-64>;2613;1
M;<65-74>;2613;0
M;<75-84>;2613;1
M;85+;2613;1
M;<0-44>;2661;1
M;<45-54>;2661;1
M;<55-64>;2661;1
M;<65-74>;2661;1
M;<75-84>;2661;1
M;85+;2661;1
M;<0-44>;2801;1
M;<45-54>;2801;1
M;<55-64>;2801;1
M;<65-74>;2801;1
M;<75-84>;2801;1
M;85+;2801;0
M;<0-44>;2802;1
M;<45-54>;2802;1
M;<55-64>;2802;1
M;<65-74>;2802;1
M;<75-84>;2802;0
M;85+;2802;0
M;<0-44>;2803;1
M;<45-54>;2803;1
M;<55-64>;2803;1
M;<65-74>;2803;1
M;<75-84>;2803;1
M;85+;2803;0
M;<0-44>;2804;1
M;<45-54>;2804;1
M;<55-64>;2804;1
M;<65-74>;2804;1
M;<75-84>;2804;1
M;85+;2804;1
M;<0-44>;2805;1
M;<45-54>;2805;1
M;<55-64>;2805;1
M;<65-74>;2805;1
M;<75-84>;2805;1
M;85+;2805;1
M;<0-44>;2806;1
M;<45-54>;2806;1
M;<55-64>;2806;1
M;<65-74>;2806;1
M;<75-84>;2806;1
M;85+;2806;0
M;<0-44>;2807;1
M;<45-54>;2807;1
M;<55-64>;2807;1
M;<65-74>;2807;1
M;<75-84>;2807;1
M;85+;2807;1
M;<0-44>;2808;1
M;<45-54>;2808;1
M;<55-64>;2808;1
M;<65-74>;2808;1
M;<75-84>;2808;1
M;85+;2808;0
M;<0-44>;2809;1
M;<45-54>;2809;1
M;<55-64>;2809;1
M;<65-74>;2809;1
M;<75-84>;2809;1
M;85+;2809;0
M;<0-44>;2810;1
M;<45-54>;2810;1
M;<55-64>;2810;1
M;<65-74>;2810;1
M;<75-84>;2810;1
M;85+;2810;1
M;<0-44>;2811;1
M;<45-54>;2811;1
M;<55-64>;2811;1
M;<65-74>;2811;2
M;<75-84>;2811;1
M;85+;2811;0
M;<0-44>;2812;1
M;<45-54>;2812;1
M;<55-64>;2812;1
M;<65-74>;2812;1
M;<75-84>;2812;1
M;85+;2812;0
M;<0-44>;2813;1
M;<45-54>;2813;1
M;<55-64>;2813;1
M;<65-74>;2813;1
M;<75-84>;2813;1
M;85+;2813;0
M;<0-44>;2814;1
M;<45-54>;2814;1
M;<55-64>;2814;1
M;<65-74>;2814;1
M;<75-84>;2814;1
M;85+;2814;0
M;<0-44>;2815;1
M;<45-54>;2815;1
M;<55-64>;2815;1
M;<65-74>;2815;1
M;<75-84>;2815;1
M;85+;2815;1
M;<0-44>;2816;1
M;<45-54>;2816;1
M;<55-64>;2816;1
M;<65-74>;2816;1
M;<75-84>;2816;1
M;85+;2816;0
M;<0-44>;2817;1
M;<45-54>;2817;1
M;<55-64>;2817;1
M;<65-74>;2817;1
M;<75-84>;2817;1
M;85+;2817;0
M;<0-44>;2818;1
M;<45-54>;2818;1
M;<55-64>;2818;1
M;<65-74>;2818;1
M;<75-84>;2818;0
M;85+;2818;0
M;<0-44>;2819;1
M;<45-54>;2819;1
M;<55-64>;2819;1
M;<65-74>;2819;1
M;<75-84>;2819;1
M;85+;2819;0
M;<0-44>;2861;1
M;<45-54>;2861;1
M;<55-64>;2861;1
M;<65-74>;2861;1
M;<75-84>;2861;1
M;85+;2861;0
M;<0-44>;2862;1
M;<45-54>;2862;2
M;<55-64>;2862;2
M;<65-74>;2862;2
M;<75-84>;2862;1
M;85+;2862;1
M;<0-44>;3001;1
M;<45-54>;3001;1
M;<55-64>;3001;1
M;<65-74>;3001;0
M;<75-84>;3001;1
M;85+;3001;0
M;<0-44>;3002;1
M;<45-54>;3002;1
M;<55-64>;3002;1
M;<65-74>;3002;1
M;<75-84>;3002;1
M;85+;3002;1
M;<0-44>;3003;1
M;<45-54>;3003;1
M;<55-64>;3003;1
M;<65-74>;3003;1
M;<75-84>;3003;0
M;85+;3003;1
M;<0-44>;3004;1
M;<45-54>;3004;1
M;<55-64>;3004;1
M;<65-74>;3004;1
M;<75-84>;3004;1
M;85+;3004;1
M;<0-44>;3005;1
M;<45-54>;3005;1
M;<55-64>;3005;1
M;<65-74>;3005;1
M;<75-84>;3005;1
M;85+;3005;0
M;<0-44>;3006;1
M;<45-54>;3006;1
M;<55-64>;3006;1
M;<65-74>;3006;0
M;<75-84>;3006;1
M;85+;3006;0
M;<0-44>;3007;1
M;<45-54>;3007;1
M;<55-64>;3007;1
M;<65-74>;3007;1
M;<75-84>;3007;1
M;85+;3007;1
M;<0-44>;3008;1
M;<45-54>;3008;0
M;<55-64>;3008;1
M;<65-74>;3008;1
M;<75-84>;3008;1
M;85+;3008;1
M;<0-44>;3009;1
M;<45-54>;3009;1
M;<55-64>;3009;1
M;<65-74>;3009;1
M;<75-84>;3009;0
M;85+;3009;1
M;<0-44>;3010;1
M;<45-54>;3010;1
M;<55-64>;3010;1
M;<65-74>;3010;1
M;<75-84>;3010;0
M;85+;3010;0
M;<0-44>;3011;1
M;<45-54>;3011;1
M;<55-64>;3011;1
M;<65-74>;3011;1
M;<75-84>;3011;1
M;85+;3011;1
M;<0-44>;3012;1
M;<45-54>;3012;1
M;<55-64>;3012;1
M;<65-74>;3012;1
M;<75-84>;3012;1
M;85+;3012;0
M;<0-44>;3013;1
M;<45-54>;3013;1
M;<55-64>;3013;1
M;<65-74>;3013;0
M;<75-84>;3013;1
M;85+;3013;0
M;<0-44>;3014;1
M;<45-54>;3014;1
M;<55-64>;3014;1
M;<65-74>;3014;1
M;<75-84>;3014;1
M;85+;3014;1
M;<0-44>;3015;1
M;<45-54>;3015;1
M;<55-64>;3015;1
M;<65-74>;3015;0
M;<75-84>;3015;1
M;85+;3015;1
M;<0-44>;3016;1
M;<45-54>;3016;1
M;<55-64>;3016;1
M;<65-74>;3016;0
M;<75-84>;3016;1
M;85+;3016;0
M;<0-44>;3017;1
M;<45-54>;3017;1
M;<55-64>;3017;1
M;<65-74>;3017;1
M;<75-84>;3017;1
M;85+;3017;1
M;<0-44>;3018;1
M;<45-54>;3018;1
M;<55-64>;3018;1
M;<65-74>;3018;0
M;<75-84>;3018;1
M;85+;3018;0
M;<0-44>;3019;1
M;<45-54>;3019;1
M;<55-64>;3019;1
M;<65-74>;3019;1
M;<75-84>;3019;0
M;85+;3019;0
M;<0-44>;3020;1
M;<45-54>;3020;1
M;<55-64>;3020;1
M;<65-74>;3020;0
M;<75-84>;3020;1
M;85+;3020;0
M;<0-44>;3021;2
M;<45-54>;3021;1
M;<55-64>;3021;2
M;<65-74>;3021;1
M;<75-84>;3021;1
M;85+;3021;1
M;<0-44>;3022;1
M;<45-54>;3022;0
M;<55-64>;3022;0
M;<65-74>;3022;0
M;<75-84>;3022;1
M;85+;3022;0
M;<0-44>;3023;1
M;<45-54>;3023;1
M;<55-64>;3023;1
M;<65-74>;3023;0
M;<75-84>;3023;1
M;85+;3023;0
M;<0-44>;3024;1
M;<45-54>;3024;1
M;<55-64>;3024;1
M;<65-74>;3024;1
M;<75-84>;3024;1
M;85+;3024;1
M;<0-44>;3025;1
M;<45-54>;3025;1
M;<55-64>;3025;1
M;<65-74>;3025;0
M;<75-84>;3025;1
M;85+;3025;1
M;<0-44>;3026;2
M;<45-54>;3026;1
M;<55-64>;3026;1
M;<65-74>;3026;0
M;<75-84>;3026;1
M;85+;3026;0
M;<0-44>;3027;1
M;<45-54>;3027;1
M;<55-64>;3027;1
M;<65-74>;3027;2
M;<75-84>;3027;1
M;85+;3027;1
M;<0-44>;3028;1
M;<45-54>;3028;1
M;<55-64>;3028;1
M;<65-74>;3028;0
M;<75-84>;3028;1
M;85+;3028;1
M;<0-44>;3029;1
M;<45-54>;3029;1
M;<55-64>;3029;1
M;<65-74>;3029;0
M;<75-84>;3029;1
M;85+;3029;0
M;<0-44>;3030;1
M;<45-54>;3030;1
M;<55-64>;3030;1
M;<65-74>;3030;1
M;<75-84>;3030;1
M;85+;3030;0
M;<0-44>;3031;1
M;<45-54>;3031;1
M;<55-64>;3031;1
M;<65-74>;3031;0
M;<75-84>;3031;1
M;85+;3031;0
M;<0-44>;3061;1
M;<45-54>;3061;1
M;<55-64>;3061;1
M;<65-74>;3061;1
M;<75-84>;3061;1
M;85+;3061;1
M;<0-44>;3062;1
M;<45-54>;3062;1
M;<55-64>;3062;1
M;<65-74>;3062;1
M;<75-84>;3062;1
M;85+;3062;1
M;<0-44>;3063;1
M;<45-54>;3063;1
M;<55-64>;3063;1
M;<65-74>;3063;1
M;<75-84>;3063;1
M;85+;3063;1
M;<0-44>;3064;1
M;<45-54>;3064;1
M;<55-64>;3064;2
M;<65-74>;3064;2
M;<75-84>;3064;1
M;85+;3064;1
M;<0-44>;3201;3
M;<45-54>;3201;1
M;<55-64>;3201;1
M;<65-74>;3201;1
M;<75-84>;3201;1
M;85+;3201;1
M;<0-44>;3202;1
M;<45-54>;3202;1
M;<55-64>;3202;1
M;<65-74>;3202;1
M;<75-84>;3202;1
M;85+;3202;1
M;<0-44>;3203;1
M;<45-54>;3203;1
M;<55-64>;3203;1
M;<65-74>;3203;1
M;<75-84>;3203;1
M;85+;3203;1
M;<0-44>;3204;1
M;<45-54>;3204;1
M;<55-64>;3204;1
M;<65-74>;3204;1
M;<75-84>;3204;1
M;85+;3204;1
M;<0-44>;3205;1
M;<45-54>;3205;1
M;<55-64>;3205;1
M;<65-74>;3205;1
M;<75-84>;3205;1
M;85+;3205;0
M;<0-44>;3206;1
M;<45-54>;3206;1
M;<55-64>;3206;1
M;<65-74>;3206;1
M;<75-84>;3206;1
M;85+;3206;1
M;<0-44>;3207;1
M;<45-54>;3207;1
M;<55-64>;3207;1
M;<65-74>;3207;1
M;<75-84>;3207;1
M;85+;3207;0
M;<0-44>;3208;1
M;<45-54>;3208;1
M;<55-64>;3208;1
M;<65-74>;3208;1
M;<75-84>;3208;1
M;85+;3208;1
M;<0-44>;3209;1
M;<45-54>;3209;1
M;<55-64>;3209;1
M;<65-74>;3209;1
M;<75-84>;3209;1
M;85+;3209;1
M;<0-44>;3210;1
M;<45-54>;3210;1
M;<55-64>;3210;1
M;<65-74>;3210;1
M;<75-84>;3210;1
M;85+;3210;1
M;<0-44>;3211;1
M;<45-54>;3211;1
M;<55-64>;3211;1
M;<65-74>;3211;1
M;<75-84>;3211;1
M;85+;3211;1
M;<0-44>;3212;1
M;<45-54>;3212;1
M;<55-64>;3212;1
M;<65-74>;3212;1
M;<75-84>;3212;1
M;85+;3212;0
M;<0-44>;3213;1
M;<45-54>;3213;1
M;<55-64>;3213;1
M;<65-74>;3213;1
M;<75-84>;3213;1
M;85+;3213;0
M;<0-44>;3214;1
M;<45-54>;3214;1
M;<55-64>;3214;1
M;<65-74>;3214;1
M;<75-84>;3214;1
M;85+;3214;1
M;<0-44>;3215;1
M;<45-54>;3215;1
M;<55-64>;3215;1
M;<65-74>;3215;1
M;<75-84>;3215;1
M;85+;3215;1
M;<0-44>;3216;1
M;<45-54>;3216;1
M;<55-64>;3216;1
M;<65-74>;3216;1
M;<75-84>;3216;1
M;85+;3216;1
M;<0-44>;3217;2
M;<45-54>;3217;1
M;<55-64>;3217;1
M;<65-74>;3217;1
M;<75-84>;3217;1
M;85+;3217;1
M;<0-44>;3218;1
M;<45-54>;3218;1
M;<55-64>;3218;1
M;<65-74>;3218;1
M;<75-84>;3218;1
M;85+;3218;1
M;<0-44>;3261;1
M;<45-54>;3261;1
M;<55-64>;3261;1
M;<65-74>;3261;1
M;<75-84>;3261;1
M;85+;3261;1
M;<0-44>;3262;1
M;<45-54>;3262;1
M;<55-64>;3262;2
M;<65-74>;3262;2
M;<75-84>;3262;1
M;85+;3262;1
M;<0-44>;3263;1
M;<45-54>;3263;1
M;<55-64>;3263;1
M;<65-74>;3263;1
M;<75-84>;3263;1
M;85+;3263;1
K;<0-44>;201;5
K;<45-54>;201;7
K;<55-64>;201;16
K;<65-74>;201;7
K;<75-84>;201;3
K;85+;201;0
K;<0-44>;202;4
K;<45-54>;202;11
K;<55-64>;202;15
K;<65-74>;202;9
K;<75-84>;202;7
K;85+;202;3
K;<0-44>;203;4
K;<45-54>;203;6
K;<55-64>;203;14
K;<65-74>;203;4
K;<75-84>;203;3
K;85+;203;1
K;<0-44>;204;2
K;<45-54>;204;2
K;<55-64>;204;5
K;<65-74>;204;1
K;<75-84>;204;3
K;85+;204;1
K;<0-44>;205;3
K;<45-54>;205;8
K;<55-64>;205;8
K;<65-74>;205;4
K;<75-84>;205;1
K;85+;205;0
K;<0-44>;206;3
K;<45-54>;206;4
K;<55-64>;206;7
K;<65-74>;206;2
K;<75-84>;206;4
K;85+;206;1
K;<0-44>;207;3
K;<45-54>;207;4
K;<55-64>;207;8
K;<65-74>;207;8
K;<75-84>;207;3
K;85+;207;1
K;<0-44>;208;8
K;<45-54>;208;17
K;<55-64>;208;27
K;<65-74>;208;17
K;<75-84>;208;6
K;85+;208;2
K;<0-44>;209;4
K;<45-54>;209;3
K;<55-64>;209;6
K;<65-74>;209;3
K;<75-84>;209;2
K;85+;209;1
K;<0-44>;210;2
K;<45-54>;210;4
K;<55-64>;210;10
K;<65-74>;210;3
K;<75-84>;210;3
K;85+;210;2
K;<0-44>;211;6
K;<45-54>;211;11
K;<55-64>;211;19
K;<65-74>;211;9
K;<75-84>;211;5
K;85+;211;1
K;<0-44>;212;2
K;<45-54>;212;5
K;<55-64>;212;6
K;<65-74>;212;3
K;<75-84>;212;1
K;85+;212;1
K;<0-44>;213;1
K;<45-54>;213;3
K;<55-64>;213;8
K;<65-74>;213;2
K;<75-84>;213;1
K;85+;213;1
K;<0-44>;214;4
K;<45-54>;214;9
K;<55-64>;214;13
K;<65-74>;214;12
K;<75-84>;214;6
K;85+;214;1
K;<0-44>;215;2
K;<45-54>;215;7
K;<55-64>;215;13
K;<65-74>;215;5
K;<75-84>;215;2
K;85+;215;1
K;<0-44>;216;4
K;<45-54>;216;6
K;<55-64>;216;7
K;<65-74>;216;4
K;<75-84>;216;2
K;85+;216;1
K;<0-44>;217;1
K;<45-54>;217;3
K;<55-64>;217;4
K;<65-74>;217;1
K;<75-84>;217;4
K;85+;217;1
K;<0-44>;218;3
K;<45-54>;218;5
K;<55-64>;218;3
K;<65-74>;218;4
K;<75-84>;218;1
K;85+;218;1
K;<0-44>;219;6
K;<45-54>;219;21
K;<55-64>;219;29
K;<65-74>;219;16
K;<75-84>;219;6
K;85+;219;2
K;<0-44>;220;4
K;<45-54>;220;7
K;<55-64>;220;13
K;<65-74>;220;6
K;<75-84>;220;2
K;85+;220;2
K;<0-44>;221;11
K;<45-54>;221;24
K;<55-64>;221;44
K;<65-74>;221;21
K;<75-84>;221;16
K;85+;221;3
K;<0-44>;222;2
K;<45-54>;222;5
K;<55-64>;222;7
K;<65-74>;222;3
K;<75-84>;222;1
K;85+;222;1
K;<0-44>;223;5
K;<45-54>;223;13
K;<55-64>;223;21
K;<65-74>;223;6
K;<75-84>;223;4
K;85+;223;1
K;<0-44>;224;3
K;<45-54>;224;4
K;<55-64>;224;8
K;<65-74>;224;7
K;<75-84>;224;4
K;85+;224;1
K;<0-44>;225;4
K;<45-54>;225;8
K;<55-64>;225;21
K;<65-74>;225;9
K;<75-84>;225;5
K;85+;225;1
K;<0-44>;226;2
K;<45-54>;226;6
K;<55-64>;226;7
K;<65-74>;226;3
K;<75-84>;226;2
K;85+;226;1
K;<0-44>;261;3
K;<45-54>;261;13
K;<55-64>;261;20
K;<65-74>;261;7
K;<75-84>;261;6
K;85+;261;1
K;<0-44>;262;3
K;<45-54>;262;15
K;<55-64>;262;19
K;<65-74>;262;13
K;<75-84>;262;7
K;85+;262;1
K;<0-44>;264;39
K;<45-54>;264;75
K;<55-64>;264;127
K;<65-74>;264;84
K;<75-84>;264;62
K;85+;264;16
K;<0-44>;401;3
K;<45-54>;401;7
K;<55-64>;401;8
K;<65-74>;401;5
K;<75-84>;401;4
K;85+;401;1
K;<0-44>;402;5
K;<45-54>;402;8
K;<55-64>;402;11
K;<65-74>;402;6
K;<75-84>;402;4
K;85+;402;1
K;<0-44>;403;6
K;<45-54>;403;14
K;<55-64>;403;16
K;<65-74>;403;5
K;<75-84>;403;2
K;85+;403;1
K;<0-44>;404;4
K;<45-54>;404;3
K;<55-64>;404;5
K;<65-74>;404;5
K;<75-84>;404;3
K;85+;404;1
K;<0-44>;405;2
K;<45-54>;405;3
K;<55-64>;405;6
K;<65-74>;405;2
K;<75-84>;405;2
K;85+;405;1
K;<0-44>;406;2
K;<45-54>;406;4
K;<55-64>;406;4
K;<65-74>;406;2
K;<75-84>;406;1
K;85+;406;1
K;<0-44>;407;11
K;<45-54>;407;21
K;<55-64>;407;30
K;<65-74>;407;13
K;<75-84>;407;10
K;85+;407;2
K;<0-44>;408;2
K;<45-54>;408;6
K;<55-64>;408;8
K;<65-74>;408;3
K;<75-84>;408;2
K;85+;408;1
K;<0-44>;409;1
K;<45-54>;409;4
K;<55-64>;409;8
K;<65-74>;409;4
K;<75-84>;409;3
K;85+;409;1
K;<0-44>;410;4
K;<45-54>;410;10
K;<55-64>;410;8
K;<65-74>;410;7
K;<75-84>;410;2
K;85+;410;1
K;<0-44>;411;1
K;<45-54>;411;2
K;<55-64>;411;6
K;<65-74>;411;6
K;<75-84>;411;3
K;85+;411;1
K;<0-44>;412;2
K;<45-54>;412;2
K;<55-64>;412;3
K;<65-74>;412;2
K;<75-84>;412;1
K;85+;412;1
K;<0-44>;413;2
K;<45-54>;413;4
K;<55-64>;413;5
K;<65-74>;413;3
K;<75-84>;413;0
K;85+;413;1
K;<0-44>;414;5
K;<45-54>;414;9
K;<55-64>;414;16
K;<65-74>;414;6
K;<75-84>;414;3
K;85+;414;1
K;<0-44>;415;4
K;<45-54>;415;11
K;<55-64>;415;9
K;<65-74>;415;5
K;<75-84>;415;3
K;85+;415;0
K;<0-44>;416;4
K;<45-54>;416;3
K;<55-64>;416;3
K;<65-74>;416;3
K;<75-84>;416;1
K;85+;416;1
K;<0-44>;417;2
K;<45-54>;417;2
K;<55-64>;417;7
K;<65-74>;417;3
K;<75-84>;417;1
K;85+;417;1
K;<0-44>;418;3
K;<45-54>;418;10
K;<55-64>;418;9
K;<65-74>;418;7
K;<75-84>;418;3
K;85+;418;1
K;<0-44>;419;5
K;<45-54>;419;10
K;<55-64>;419;14
K;<65-74>;419;6
K;<75-84>;419;3
K;85+;419;1
K;<0-44>;461;19
K;<45-54>;461;44
K;<55-64>;461;77
K;<65-74>;461;53
K;<75-84>;461;32
K;85+;461;5
K;<0-44>;462;3
K;<45-54>;462;11
K;<55-64>;462;19
K;<65-74>;462;12
K;<75-84>;462;9
K;85+;462;1
K;<0-44>;463;9
K;<45-54>;463;27
K;<55-64>;463;47
K;<65-74>;463;25
K;<75-84>;463;15
K;85+;463;2
K;<0-44>;464;6
K;<45-54>;464;14
K;<55-64>;464;30
K;<65-74>;464;14
K;<75-84>;464;8
K;85+;464;1
K;<0-44>;601;4
K;<45-54>;601;10
K;<55-64>;601;11
K;<65-74>;601;8
K;<75-84>;601;5
K;85+;601;0
K;<0-44>;602;2
K;<45-54>;602;9
K;<55-64>;602;12
K;<65-74>;602;5
K;<75-84>;602;4
K;85+;602;1
K;<0-44>;603;4
K;<45-54>;603;6
K;<55-64>;603;9
K;<65-74>;603;7
K;<75-84>;603;4
K;85+;603;1
K;<0-44>;604;3
K;<45-54>;604;5
K;<55-64>;604;12
K;<65-74>;604;8
K;<75-84>;604;3
K;85+;604;1
K;<0-44>;605;3
K;<45-54>;605;4
K;<55-64>;605;2
K;<65-74>;605;4
K;<75-84>;605;1
K;85+;605;0
K;<0-44>;606;2
K;<45-54>;606;7
K;<55-64>;606;10
K;<65-74>;606;8
K;<75-84>;606;3
K;85+;606;1
K;<0-44>;607;3
K;<45-54>;607;10
K;<55-64>;607;11
K;<65-74>;607;11
K;<75-84>;607;3
K;85+;607;2
K;<0-44>;608;2
K;<45-54>;608;5
K;<55-64>;608;9
K;<65-74>;608;4
K;<75-84>;608;7
K;85+;608;1
K;<0-44>;609;4
K;<45-54>;609;14
K;<55-64>;609;13
K;<65-74>;609;7
K;<75-84>;609;6
K;85+;609;1
K;<0-44>;610;1
K;<45-54>;610;6
K;<55-64>;610;7
K;<65-74>;610;4
K;<75-84>;610;2
K;85+;610;1
K;<0-44>;611;4
K;<45-54>;611;8
K;<55-64>;611;12
K;<65-74>;611;7
K;<75-84>;611;4
K;85+;611;1
K;<0-44>;612;2
K;<45-54>;612;6
K;<55-64>;612;8
K;<65-74>;612;4
K;<75-84>;612;2
K;85+;612;0
K;<0-44>;613;2
K;<45-54>;613;3
K;<55-64>;613;4
K;<65-74>;613;2
K;<75-84>;613;1
K;85+;613;1
K;<0-44>;614;5
K;<45-54>;614;11
K;<55-64>;614;14
K;<65-74>;614;12
K;<75-84>;614;6
K;85+;614;2
K;<0-44>;615;3
K;<45-54>;615;6
K;<55-64>;615;7
K;<65-74>;615;3
K;<75-84>;615;2
K;85+;615;0
K;<0-44>;616;2
K;<45-54>;616;5
K;<55-64>;616;6
K;<65-74>;616;4
K;<75-84>;616;3
K;85+;616;0
K;<0-44>;617;5
K;<45-54>;617;7
K;<55-64>;617;13
K;<65-74>;617;6
K;<75-84>;617;5
K;85+;617;1
K;<0-44>;618;3
K;<45-54>;618;7
K;<55-64>;618;7
K;<65-74>;618;4
K;<75-84>;618;3
K;85+;618;1
K;<0-44>;619;2
K;<45-54>;619;4
K;<55-64>;619;5
K;<65-74>;619;3
K;<75-84>;619;2
K;85+;619;1
K;<0-44>;620;5
K;<45-54>;620;9
K;<55-64>;620;13
K;<65-74>;620;6
K;<75-84>;620;6
K;85+;620;1
K;<0-44>;661;3
K;<45-54>;661;5
K;<55-64>;661;10
K;<65-74>;661;3
K;<75-84>;661;3
K;85+;661;1
K;<0-44>;662;4
K;<45-54>;662;6
K;<55-64>;662;11
K;<65-74>;662;10
K;<75-84>;662;4
K;85+;662;1
K;<0-44>;663;21
K;<45-54>;663;35
K;<55-64>;663;68
K;<65-74>;663;48
K;<75-84>;663;25
K;85+;663;6
K;<0-44>;664;4
K;<45-54>;664;9
K;<55-64>;664;11
K;<65-74>;664;4
K;<75-84>;664;2
K;85+;664;1
K;<0-44>;801;3
K;<45-54>;801;4
K;<55-64>;801;7
K;<65-74>;801;5
K;<75-84>;801;2
K;85+;801;1
K;<0-44>;802;3
K;<45-54>;802;7
K;<55-64>;802;9
K;<65-74>;802;5
K;<75-84>;802;3
K;85+;802;0
K;<0-44>;803;2
K;<45-54>;803;7
K;<55-64>;803;9
K;<65-74>;803;5
K;<75-84>;803;3
K;85+;803;1
K;<0-44>;804;4
K;<45-54>;804;7
K;<55-64>;804;15
K;<65-74>;804;7
K;<75-84>;804;5
K;85+;804;1
K;<0-44>;805;2
K;<45-54>;805;6
K;<55-64>;805;7
K;<65-74>;805;4
K;<75-84>;805;1
K;85+;805;1
K;<0-44>;806;4
K;<45-54>;806;6
K;<55-64>;806;7
K;<65-74>;806;2
K;<75-84>;806;2
K;85+;806;1
K;<0-44>;807;1
K;<45-54>;807;5
K;<55-64>;807;5
K;<65-74>;807;1
K;<75-84>;807;1
K;85+;807;0
K;<0-44>;808;4
K;<45-54>;808;5
K;<55-64>;808;10
K;<65-74>;808;4
K;<75-84>;808;3
K;85+;808;1
K;<0-44>;809;3
K;<45-54>;809;10
K;<55-64>;809;13
K;<65-74>;809;8
K;<75-84>;809;3
K;85+;809;1
K;<0-44>;810;3
K;<45-54>;810;11
K;<55-64>;810;11
K;<65-74>;810;7
K;<75-84>;810;5
K;85+;810;2
K;<0-44>;811;3
K;<45-54>;811;11
K;<55-64>;811;13
K;<65-74>;811;7
K;<75-84>;811;3
K;85+;811;0
K;<0-44>;812;1
K;<45-54>;812;3
K;<55-64>;812;4
K;<65-74>;812;3
K;<75-84>;812;2
K;85+;812;1
K;<0-44>;861;5
K;<45-54>;861;14
K;<55-64>;861;24
K;<65-74>;861;12
K;<75-84>;861;8
K;85+;861;1
K;<0-44>;862;4
K;<45-54>;862;16
K;<55-64>;862;24
K;<65-74>;862;9
K;<75-84>;862;8
K;85+;862;1
K;<0-44>;1001;4
K;<45-54>;1001;11
K;<55-64>;1001;20
K;<65-74>;1001;9
K;<75-84>;1001;2
K;85+;1001;1
K;<0-44>;1002;4
K;<45-54>;1002;13
K;<55-64>;1002;17
K;<65-74>;1002;12
K;<75-84>;1002;6
K;85+;1002;1
K;<0-44>;1003;1
K;<45-54>;1003;6
K;<55-64>;1003;8
K;<65-74>;1003;5
K;<75-84>;1003;2
K;85+;1003;0
K;<0-44>;1004;2
K;<45-54>;1004;7
K;<55-64>;1004;12
K;<65-74>;1004;5
K;<75-84>;1004;2
K;85+;1004;0
K;<0-44>;1005;2
K;<45-54>;1005;7
K;<55-64>;1005;12
K;<65-74>;1005;5
K;<75-84>;1005;2
K;85+;1005;1
K;<0-44>;1006;1
K;<45-54>;1006;7
K;<55-64>;1006;11
K;<65-74>;1006;7
K;<75-84>;1006;2
K;85+;1006;1
K;<0-44>;1007;3
K;<45-54>;1007;5
K;<55-64>;1007;8
K;<65-74>;1007;5
K;<75-84>;1007;3
K;85+;1007;1
K;<0-44>;1008;6
K;<45-54>;1008;13
K;<55-64>;1008;25
K;<65-74>;1008;16
K;<75-84>;1008;7
K;85+;1008;0
K;<0-44>;1009;2
K;<45-54>;1009;4
K;<55-64>;1009;5
K;<65-74>;1009;3
K;<75-84>;1009;4
K;85+;1009;2
K;<0-44>;1010;2
K;<45-54>;1010;9
K;<55-64>;1010;11
K;<65-74>;1010;7
K;<75-84>;1010;2
K;85+;1010;1
K;<0-44>;1011;3
K;<45-54>;1011;5
K;<55-64>;1011;5
K;<65-74>;1011;6
K;<75-84>;1011;2
K;85+;1011;1
K;<0-44>;1012;5
K;<45-54>;1012;11
K;<55-64>;1012;24
K;<65-74>;1012;13
K;<75-84>;1012;5
K;85+;1012;1
K;<0-44>;1013;1
K;<45-54>;1013;6
K;<55-64>;1013;4
K;<65-74>;1013;4
K;<75-84>;1013;2
K;85+;1013;0
K;<0-44>;1014;7
K;<45-54>;1014;14
K;<55-64>;1014;14
K;<65-74>;1014;13
K;<75-84>;1014;4
K;85+;1014;1
K;<0-44>;1015;1
K;<45-54>;1015;3
K;<55-64>;1015;5
K;<65-74>;1015;2
K;<75-84>;1015;2
K;85+;1015;0
K;<0-44>;1016;6
K;<45-54>;1016;11
K;<55-64>;1016;18
K;<65-74>;1016;11
K;<75-84>;1016;7
K;85+;1016;1
K;<0-44>;1017;2
K;<45-54>;1017;10
K;<55-64>;1017;12
K;<65-74>;1017;7
K;<75-84>;1017;4
K;85+;1017;1
K;<0-44>;1018;2
K;<45-54>;1018;3
K;<55-64>;1018;3
K;<65-74>;1018;4
K;<75-84>;1018;2
K;85+;1018;1
K;<0-44>;1019;3
K;<45-54>;1019;8
K;<55-64>;1019;12
K;<65-74>;1019;8
K;<75-84>;1019;6
K;85+;1019;0
K;<0-44>;1020;11
K;<45-54>;1020;15
K;<55-64>;1020;32
K;<65-74>;1020;17
K;<75-84>;1020;8
K;85+;1020;1
K;<0-44>;1021;1
K;<45-54>;1021;4
K;<55-64>;1021;4
K;<65-74>;1021;3
K;<75-84>;1021;1
K;85+;1021;0
K;<0-44>;1061;45
K;<45-54>;1061;93
K;<55-64>;1061;197
K;<65-74>;1061;111
K;<75-84>;1061;73
K;85+;1061;19
K;<0-44>;1062;4
K;<45-54>;1062;7
K;<55-64>;1062;15
K;<65-74>;1062;11
K;<75-84>;1062;5
K;85+;1062;1
K;<0-44>;1063;1
K;<45-54>;1063;7
K;<55-64>;1063;8
K;<65-74>;1063;5
K;<75-84>;1063;2
K;85+;1063;1
K;<0-44>;1201;5
K;<45-54>;1201;7
K;<55-64>;1201;9
K;<65-74>;1201;8
K;<75-84>;1201;7
K;85+;1201;0
K;<0-44>;1202;3
K;<45-54>;1202;8
K;<55-64>;1202;7
K;<65-74>;1202;4
K;<75-84>;1202;4
K;85+;1202;1
K;<0-44>;1203;4
K;<45-54>;1203;13
K;<55-64>;1203;16
K;<65-74>;1203;14
K;<75-84>;1203;7
K;85+;1203;2
K;<0-44>;1204;2
K;<45-54>;1204;2
K;<55-64>;1204;5
K;<65-74>;1204;2
K;<75-84>;1204;2
K;85+;1204;1
K;<0-44>;1205;5
K;<45-54>;1205;10
K;<55-64>;1205;9
K;<65-74>;1205;7
K;<75-84>;1205;5
K;85+;1205;1
K;<0-44>;1206;13
K;<45-54>;1206;26
K;<55-64>;1206;32
K;<65-74>;1206;18
K;<75-84>;1206;15
K;85+;1206;2
K;<0-44>;1207;3
K;<45-54>;1207;8
K;<55-64>;1207;11
K;<65-74>;1207;8
K;<75-84>;1207;3
K;85+;1207;1
K;<0-44>;1208;2
K;<45-54>;1208;4
K;<55-64>;1208;8
K;<65-74>;1208;6
K;<75-84>;1208;4
K;85+;1208;1
K;<0-44>;1209;7
K;<45-54>;1209;10
K;<55-64>;1209;10
K;<65-74>;1209;5
K;<75-84>;1209;7
K;85+;1209;2
K;<0-44>;1210;5
K;<45-54>;1210;15
K;<55-64>;1210;15
K;<65-74>;1210;10
K;<75-84>;1210;6
K;85+;1210;2
K;<0-44>;1211;8
K;<45-54>;1211;15
K;<55-64>;1211;16
K;<65-74>;1211;10
K;<75-84>;1211;6
K;85+;1211;1
K;<0-44>;1212;4
K;<45-54>;1212;13
K;<55-64>;1212;18
K;<65-74>;1212;8
K;<75-84>;1212;7
K;85+;1212;2
K;<0-44>;1213;6
K;<45-54>;1213;20
K;<55-64>;1213;20
K;<65-74>;1213;16
K;<75-84>;1213;6
K;85+;1213;3
K;<0-44>;1214;2
K;<45-54>;1214;3
K;<55-64>;1214;2
K;<65-74>;1214;1
K;<75-84>;1214;2
K;85+;1214;1
K;<0-44>;1215;3
K;<45-54>;1215;7
K;<55-64>;1215;9
K;<65-74>;1215;6
K;<75-84>;1215;6
K;85+;1215;1
K;<0-44>;1216;6
K;<45-54>;1216;16
K;<55-64>;1216;14
K;<65-74>;1216;10
K;<75-84>;1216;7
K;85+;1216;1
K;<0-44>;1217;3
K;<45-54>;1217;3
K;<55-64>;1217;8
K;<65-74>;1217;3
K;<75-84>;1217;3
K;85+;1217;1
K;<0-44>;1218;5
K;<45-54>;1218;10
K;<55-64>;1218;15
K;<65-74>;1218;10
K;<75-84>;1218;7
K;85+;1218;1
K;<0-44>;1219;5
K;<45-54>;1219;11
K;<55-64>;1219;15
K;<65-74>;1219;5
K;<75-84>;1219;6
K;85+;1219;2
K;<0-44>;1261;45
K;<45-54>;1261;90
K;<55-64>;1261;133
K;<65-74>;1261;109
K;<75-84>;1261;75
K;85+;1261;20
K;<0-44>;1262;3
K;<45-54>;1262;12
K;<55-64>;1262;9
K;<65-74>;1262;7
K;<75-84>;1262;4
K;85+;1262;1
K;<0-44>;1263;4
K;<45-54>;1263;11
K;<55-64>;1263;21
K;<65-74>;1263;16
K;<75-84>;1263;8
K;85+;1263;1
K;<0-44>;1401;1
K;<45-54>;1401;4
K;<55-64>;1401;6
K;<65-74>;1401;1
K;<75-84>;1401;1
K;85+;1401;0
K;<0-44>;1402;4
K;<45-54>;1402;10
K;<55-64>;1402;11
K;<65-74>;1402;5
K;<75-84>;1402;3
K;85+;1402;1
K;<0-44>;1403;4
K;<45-54>;1403;10
K;<55-64>;1403;11
K;<65-74>;1403;7
K;<75-84>;1403;3
K;85+;1403;2
K;<0-44>;1404;2
K;<45-54>;1404;4
K;<55-64>;1404;7
K;<65-74>;1404;4
K;<75-84>;1404;3
K;85+;1404;0
K;<0-44>;1405;6
K;<45-54>;1405;9
K;<55-64>;1405;14
K;<65-74>;1405;11
K;<75-84>;1405;7
K;85+;1405;1
K;<0-44>;1406;5
K;<45-54>;1406;10
K;<55-64>;1406;18
K;<65-74>;1406;6
K;<75-84>;1406;5
K;85+;1406;0
K;<0-44>;1407;3
K;<45-54>;1407;5
K;<55-64>;1407;11
K;<65-74>;1407;3
K;<75-84>;1407;2
K;85+;1407;1
K;<0-44>;1408;6
K;<45-54>;1408;12
K;<55-64>;1408;24
K;<65-74>;1408;8
K;<75-84>;1408;7
K;85+;1408;1
K;<0-44>;1409;2
K;<45-54>;1409;3
K;<55-64>;1409;2
K;<65-74>;1409;2
K;<75-84>;1409;1
K;85+;1409;0
K;<0-44>;1410;2
K;<45-54>;1410;3
K;<55-64>;1410;5
K;<65-74>;1410;1
K;<75-84>;1410;1
K;85+;1410;1
K;<0-44>;1411;2
K;<45-54>;1411;4
K;<55-64>;1411;5
K;<65-74>;1411;3
K;<75-84>;1411;3
K;85+;1411;0
K;<0-44>;1412;7
K;<45-54>;1412;16
K;<55-64>;1412;21
K;<65-74>;1412;11
K;<75-84>;1412;6
K;85+;1412;2
K;<0-44>;1413;4
K;<45-54>;1413;11
K;<55-64>;1413;12
K;<65-74>;1413;4
K;<75-84>;1413;2
K;85+;1413;0
K;<0-44>;1414;3
K;<45-54>;1414;6
K;<55-64>;1414;15
K;<65-74>;1414;8
K;<75-84>;1414;3
K;85+;1414;1
K;<0-44>;1415;3
K;<45-54>;1415;5
K;<55-64>;1415;5
K;<65-74>;1415;4
K;<75-84>;1415;3
K;85+;1415;1
K;<0-44>;1416;3
K;<45-54>;1416;7
K;<55-64>;1416;9
K;<65-74>;1416;3
K;<75-84>;1416;1
K;85+;1416;1
K;<0-44>;1417;5
K;<45-54>;1417;10
K;<55-64>;1417;22
K;<65-74>;1417;14
K;<75-84>;1417;9
K;85+;1417;1
K;<0-44>;1418;12
K;<45-54>;1418;18
K;<55-64>;1418;25
K;<65-74>;1418;14
K;<75-84>;1418;7
K;85+;1418;1
K;<0-44>;1419;5
K;<45-54>;1419;10
K;<55-64>;1419;14
K;<65-74>;1419;10
K;<75-84>;1419;5
K;85+;1419;1
K;<0-44>;1420;4
K;<45-54>;1420;8
K;<55-64>;1420;16
K;<65-74>;1420;8
K;<75-84>;1420;4
K;85+;1420;1
K;<0-44>;1421;8
K;<45-54>;1421;17
K;<55-64>;1421;31
K;<65-74>;1421;18
K;<75-84>;1421;10
K;85+;1421;3
K;<0-44>;1422;2
K;<45-54>;1422;4
K;<55-64>;1422;8
K;<65-74>;1422;6
K;<75-84>;1422;1
K;85+;1422;1
K;<0-44>;1423;2
K;<45-54>;1423;3
K;<55-64>;1423;4
K;<65-74>;1423;3
K;<75-84>;1423;2
K;85+;1423;1
K;<0-44>;1424;1
K;<45-54>;1424;7
K;<55-64>;1424;7
K;<65-74>;1424;3
K;<75-84>;1424;1
K;85+;1424;2
K;<0-44>;1425;5
K;<45-54>;1425;11
K;<55-64>;1425;15
K;<65-74>;1425;7
K;<75-84>;1425;8
K;85+;1425;1
K;<0-44>;1426;4
K;<45-54>;1426;7
K;<55-64>;1426;9
K;<65-74>;1426;3
K;<75-84>;1426;2
K;85+;1426;1
K;<0-44>;1427;2
K;<45-54>;1427;8
K;<55-64>;1427;11
K;<65-74>;1427;3
K;<75-84>;1427;2
K;85+;1427;1
K;<0-44>;1428;5
K;<45-54>;1428;9
K;<55-64>;1428;20
K;<65-74>;1428;6
K;<75-84>;1428;5
K;85+;1428;1
K;<0-44>;1429;1
K;<45-54>;1429;5
K;<55-64>;1429;7
K;<65-74>;1429;6
K;<75-84>;1429;3
K;85+;1429;0
K;<0-44>;1430;2
K;<45-54>;1430;3
K;<55-64>;1430;7
K;<65-74>;1430;3
K;<75-84>;1430;2
K;85+;1430;1
K;<0-44>;1432;7
K;<45-54>;1432;13
K;<55-64>;1432;21
K;<65-74>;1432;11
K;<75-84>;1432;5
K;85+;1432;1
K;<0-44>;1433;2
K;<45-54>;1433;3
K;<55-64>;1433;10
K;<65-74>;1433;3
K;<75-84>;1433;3
K;85+;1433;0
K;<0-44>;1434;12
K;<45-54>;1434;23
K;<55-64>;1434;31
K;<65-74>;1434;16
K;<75-84>;1434;10
K;85+;1434;1
K;<0-44>;1435;3
K;<45-54>;1435;6
K;<55-64>;1435;11
K;<65-74>;1435;4
K;<75-84>;1435;2
K;85+;1435;1
K;<0-44>;1436;1
K;<45-54>;1436;2
K;<55-64>;1436;3
K;<65-74>;1436;4
K;<75-84>;1436;1
K;85+;1436;1
K;<0-44>;1437;2
K;<45-54>;1437;5
K;<55-64>;1437;4
K;<65-74>;1437;3
K;<75-84>;1437;1
K;85+;1437;0
K;<0-44>;1438;3
K;<45-54>;1438;9
K;<55-64>;1438;12
K;<65-74>;1438;6
K;<75-84>;1438;5
K;85+;1438;0
K;<0-44>;1461;1
K;<45-54>;1461;7
K;<55-64>;1461;8
K;<65-74>;1461;2
K;<75-84>;1461;2
K;85+;1461;0
K;<0-44>;1462;8
K;<45-54>;1462;13
K;<55-64>;1462;34
K;<65-74>;1462;19
K;<75-84>;1462;7
K;85+;1462;1
K;<0-44>;1463;9
K;<45-54>;1463;25
K;<55-64>;1463;45
K;<65-74>;1463;22
K;<75-84>;1463;20
K;85+;1463;3
K;<0-44>;1464;4
K;<45-54>;1464;10
K;<55-64>;1464;12
K;<65-74>;1464;9
K;<75-84>;1464;5
K;85+;1464;0
K;<0-44>;1465;106
K;<45-54>;1465;206
K;<55-64>;1465;377
K;<65-74>;1465;222
K;<75-84>;1465;197
K;85+;1465;63
K;<0-44>;1601;3
K;<45-54>;1601;10
K;<55-64>;1601;10
K;<65-74>;1601;9
K;<75-84>;1601;5
K;85+;1601;2
K;<0-44>;1602;2
K;<45-54>;1602;4
K;<55-64>;1602;8
K;<65-74>;1602;3
K;<75-84>;1602;5
K;85+;1602;1
K;<0-44>;1603;5
K;<45-54>;1603;10
K;<55-64>;1603;15
K;<65-74>;1603;11
K;<75-84>;1603;7
K;85+;1603;1
K;<0-44>;1604;2
K;<45-54>;1604;6
K;<55-64>;1604;11
K;<65-74>;1604;5
K;<75-84>;1604;3
K;85+;1604;1
K;<0-44>;1605;1
K;<45-54>;1605;7
K;<55-64>;1605;9
K;<65-74>;1605;5
K;<75-84>;1605;4
K;85+;1605;1
K;<0-44>;1606;2
K;<45-54>;1606;3
K;<55-64>;1606;7
K;<65-74>;1606;4
K;<75-84>;1606;2
K;85+;1606;1
K;<0-44>;1607;5
K;<45-54>;1607;12
K;<55-64>;1607;21
K;<65-74>;1607;9
K;<75-84>;1607;6
K;85+;1607;1
K;<0-44>;1608;1
K;<45-54>;1608;4
K;<55-64>;1608;7
K;<65-74>;1608;7
K;<75-84>;1608;3
K;85+;1608;1
K;<0-44>;1609;6
K;<45-54>;1609;10
K;<55-64>;1609;13
K;<65-74>;1609;10
K;<75-84>;1609;7
K;85+;1609;1
K;<0-44>;1610;3
K;<45-54>;1610;5
K;<55-64>;1610;6
K;<65-74>;1610;4
K;<75-84>;1610;3
K;85+;1610;1
K;<0-44>;1611;3
K;<45-54>;1611;7
K;<55-64>;1611;11
K;<65-74>;1611;5
K;<75-84>;1611;4
K;85+;1611;1
K;<0-44>;1661;4
K;<45-54>;1661;11
K;<55-64>;1661;23
K;<65-74>;1661;11
K;<75-84>;1661;10
K;85+;1661;3
K;<0-44>;1801;1
K;<45-54>;1801;1
K;<55-64>;1801;2
K;<65-74>;1801;2
K;<75-84>;1801;1
K;85+;1801;1
K;<0-44>;1802;2
K;<45-54>;1802;7
K;<55-64>;1802;6
K;<65-74>;1802;3
K;<75-84>;1802;2
K;85+;1802;1
K;<0-44>;1803;5
K;<45-54>;1803;8
K;<55-64>;1803;11
K;<65-74>;1803;10
K;<75-84>;1803;6
K;85+;1803;1
K;<0-44>;1804;4
K;<45-54>;1804;8
K;<55-64>;1804;12
K;<65-74>;1804;8
K;<75-84>;1804;5
K;85+;1804;1
K;<0-44>;1805;4
K;<45-54>;1805;10
K;<55-64>;1805;16
K;<65-74>;1805;9
K;<75-84>;1805;7
K;85+;1805;1
K;<0-44>;1806;2
K;<45-54>;1806;3
K;<55-64>;1806;5
K;<65-74>;1806;2
K;<75-84>;1806;1
K;85+;1806;1
K;<0-44>;1807;6
K;<45-54>;1807;13
K;<55-64>;1807;12
K;<65-74>;1807;6
K;<75-84>;1807;6
K;85+;1807;1
K;<0-44>;1808;3
K;<45-54>;1808;6
K;<55-64>;1808;6
K;<65-74>;1808;4
K;<75-84>;1808;3
K;85+;1808;1
K;<0-44>;1809;2
K;<45-54>;1809;6
K;<55-64>;1809;6
K;<65-74>;1809;3
K;<75-84>;1809;2
K;85+;1809;1
K;<0-44>;1810;3
K;<45-54>;1810;8
K;<55-64>;1810;6
K;<65-74>;1810;5
K;<75-84>;1810;4
K;85+;1810;1
K;<0-44>;1811;4
K;<45-54>;1811;10
K;<55-64>;1811;15
K;<65-74>;1811;8
K;<75-84>;1811;7
K;85+;1811;1
K;<0-44>;1812;2
K;<45-54>;1812;4
K;<55-64>;1812;6
K;<65-74>;1812;3
K;<75-84>;1812;3
K;85+;1812;1
K;<0-44>;1813;2
K;<45-54>;1813;3
K;<55-64>;1813;7
K;<65-74>;1813;4
K;<75-84>;1813;2
K;85+;1813;1
K;<0-44>;1814;2
K;<45-54>;1814;7
K;<55-64>;1814;4
K;<65-74>;1814;7
K;<75-84>;1814;6
K;85+;1814;1
K;<0-44>;1815;2
K;<45-54>;1815;6
K;<55-64>;1815;5
K;<65-74>;1815;4
K;<75-84>;1815;1
K;85+;1815;2
K;<0-44>;1816;6
K;<45-54>;1816;10
K;<55-64>;1816;13
K;<65-74>;1816;8
K;<75-84>;1816;5
K;85+;1816;2
K;<0-44>;1817;2
K;<45-54>;1817;6
K;<55-64>;1817;7
K;<65-74>;1817;7
K;<75-84>;1817;6
K;85+;1817;1
K;<0-44>;1818;4
K;<45-54>;1818;10
K;<55-64>;1818;17
K;<65-74>;1818;8
K;<75-84>;1818;7
K;85+;1818;1
K;<0-44>;1819;1
K;<45-54>;1819;6
K;<55-64>;1819;4
K;<65-74>;1819;3
K;<75-84>;1819;2
K;85+;1819;1
K;<0-44>;1820;2
K;<45-54>;1820;4
K;<55-64>;1820;9
K;<65-74>;1820;4
K;<75-84>;1820;2
K;85+;1820;1
K;<0-44>;1821;1
K;<45-54>;1821;3
K;<55-64>;1821;4
K;<65-74>;1821;1
K;<75-84>;1821;1
K;85+;1821;0
K;<0-44>;1861;1
K;<45-54>;1861;4
K;<55-64>;1861;5
K;<65-74>;1861;7
K;<75-84>;1861;3
K;85+;1861;1
K;<0-44>;1862;2
K;<45-54>;1862;5
K;<55-64>;1862;12
K;<65-74>;1862;14
K;<75-84>;1862;5
K;85+;1862;1
K;<0-44>;1863;8
K;<45-54>;1863;22
K;<55-64>;1863;30
K;<65-74>;1863;18
K;<75-84>;1863;10
K;85+;1863;4
K;<0-44>;1864;2
K;<45-54>;1864;6
K;<55-64>;1864;9
K;<65-74>;1864;6
K;<75-84>;1864;2
K;85+;1864;1
K;<0-44>;2001;3
K;<45-54>;2001;3
K;<55-64>;2001;4
K;<65-74>;2001;4
K;<75-84>;2001;5
K;85+;2001;1
K;<0-44>;2002;5
K;<45-54>;2002;13
K;<55-64>;2002;15
K;<65-74>;2002;9
K;<75-84>;2002;6
K;85+;2002;2
K;<0-44>;2003;2
K;<45-54>;2003;6
K;<55-64>;2003;5
K;<65-74>;2003;5
K;<75-84>;2003;3
K;85+;2003;1
K;<0-44>;2004;2
K;<45-54>;2004;7
K;<55-64>;2004;5
K;<65-74>;2004;3
K;<75-84>;2004;2
K;85+;2004;1
K;<0-44>;2005;3
K;<45-54>;2005;4
K;<55-64>;2005;6
K;<65-74>;2005;5
K;<75-84>;2005;3
K;85+;2005;1
K;<0-44>;2006;2
K;<45-54>;2006;2
K;<55-64>;2006;2
K;<65-74>;2006;1
K;<75-84>;2006;1
K;85+;2006;0
K;<0-44>;2007;2
K;<45-54>;2007;3
K;<55-64>;2007;3
K;<65-74>;2007;1
K;<75-84>;2007;1
K;85+;2007;1
K;<0-44>;2008;3
K;<45-54>;2008;3
K;<55-64>;2008;4
K;<65-74>;2008;3
K;<75-84>;2008;2
K;85+;2008;1
K;<0-44>;2009;1
K;<45-54>;2009;2
K;<55-64>;2009;2
K;<65-74>;2009;2
K;<75-84>;2009;2
K;85+;2009;1
K;<0-44>;2010;3
K;<45-54>;2010;6
K;<55-64>;2010;3
K;<65-74>;2010;2
K;<75-84>;2010;3
K;85+;2010;1
K;<0-44>;2011;3
K;<45-54>;2011;4
K;<55-64>;2011;8
K;<65-74>;2011;4
K;<75-84>;2011;3
K;85+;2011;1
K;<0-44>;2012;1
K;<45-54>;2012;2
K;<55-64>;2012;2
K;<65-74>;2012;1
K;<75-84>;2012;1
K;85+;2012;0
K;<0-44>;2013;4
K;<45-54>;2013;3
K;<55-64>;2013;3
K;<65-74>;2013;3
K;<75-84>;2013;1
K;85+;2013;1
K;<0-44>;2014;2
K;<45-54>;2014;3
K;<55-64>;2014;3
K;<65-74>;2014;3
K;<75-84>;2014;2
K;85+;2014;1
K;<0-44>;2061;19
K;<45-54>;2061;31
K;<55-64>;2061;49
K;<65-74>;2061;30
K;<75-84>;2061;21
K;85+;2061;4
K;<0-44>;2062;2
K;<45-54>;2062;8
K;<55-64>;2062;8
K;<65-74>;2062;4
K;<75-84>;2062;2
K;85+;2062;1
K;<0-44>;2063;7
K;<45-54>;2063;9
K;<55-64>;2063;9
K;<65-74>;2063;6
K;<75-84>;2063;3
K;85+;2063;0
K;<0-44>;2201;4
K;<45-54>;2201;6
K;<55-64>;2201;8
K;<65-74>;2201;3
K;<75-84>;2201;3
K;85+;2201;1
K;<0-44>;2202;5
K;<45-54>;2202;12
K;<55-64>;2202;15
K;<65-74>;2202;7
K;<75-84>;2202;3
K;85+;2202;0
K;<0-44>;2203;3
K;<45-54>;2203;7
K;<55-64>;2203;8
K;<65-74>;2203;3
K;<75-84>;2203;3
K;85+;2203;1
K;<0-44>;2204;6
K;<45-54>;2204;11
K;<55-64>;2204;13
K;<65-74>;2204;7
K;<75-84>;2204;4
K;85+;2204;1
K;<0-44>;2205;6
K;<45-54>;2205;7
K;<55-64>;2205;14
K;<65-74>;2205;7
K;<75-84>;2205;5
K;85+;2205;1
K;<0-44>;2206;5
K;<45-54>;2206;6
K;<55-64>;2206;9
K;<65-74>;2206;7
K;<75-84>;2206;4
K;85+;2206;1
K;<0-44>;2207;4
K;<45-54>;2207;6
K;<55-64>;2207;11
K;<65-74>;2207;7
K;<75-84>;2207;4
K;85+;2207;2
K;<0-44>;2208;2
K;<45-54>;2208;7
K;<55-64>;2208;9
K;<65-74>;2208;5
K;<75-84>;2208;2
K;85+;2208;1
K;<0-44>;2209;2
K;<45-54>;2209;8
K;<55-64>;2209;12
K;<65-74>;2209;6
K;<75-84>;2209;4
K;85+;2209;1
K;<0-44>;2210;1
K;<45-54>;2210;4
K;<55-64>;2210;4
K;<65-74>;2210;2
K;<75-84>;2210;1
K;85+;2210;1
K;<0-44>;2211;4
K;<45-54>;2211;9
K;<55-64>;2211;12
K;<65-74>;2211;8
K;<75-84>;2211;3
K;85+;2211;1
K;<0-44>;2212;4
K;<45-54>;2212;10
K;<55-64>;2212;11
K;<65-74>;2212;6
K;<75-84>;2212;4
K;85+;2212;1
K;<0-44>;2213;6
K;<45-54>;2213;12
K;<55-64>;2213;16
K;<65-74>;2213;10
K;<75-84>;2213;6
K;85+;2213;0
K;<0-44>;2214;6
K;<45-54>;2214;8
K;<55-64>;2214;14
K;<65-74>;2214;8
K;<75-84>;2214;4
K;85+;2214;1
K;<0-44>;2215;8
K;<45-54>;2215;28
K;<55-64>;2215;31
K;<65-74>;2215;19
K;<75-84>;2215;6
K;85+;2215;1
K;<0-44>;2216;1
K;<45-54>;2216;2
K;<55-64>;2216;5
K;<65-74>;2216;3
K;<75-84>;2216;2
K;85+;2216;1
K;<0-44>;2261;33
K;<45-54>;2261;62
K;<55-64>;2261;94
K;<65-74>;2261;65
K;<75-84>;2261;42
K;85+;2261;12
K;<0-44>;2262;17
K;<45-54>;2262;27
K;<55-64>;2262;51
K;<65-74>;2262;35
K;<75-84>;2262;21
K;85+;2262;4
K;<0-44>;2263;3
K;<45-54>;2263;13
K;<55-64>;2263;16
K;<65-74>;2263;9
K;<75-84>;2263;5
K;85+;2263;2
K;<0-44>;2264;3
K;<45-54>;2264;7
K;<55-64>;2264;11
K;<65-74>;2264;8
K;<75-84>;2264;4
K;85+;2264;1
K;<0-44>;2401;6
K;<45-54>;2401;16
K;<55-64>;2401;32
K;<65-74>;2401;23
K;<75-84>;2401;10
K;85+;2401;1
K;<0-44>;2402;6
K;<45-54>;2402;11
K;<55-64>;2402;20
K;<65-74>;2402;12
K;<75-84>;2402;9
K;85+;2402;1
K;<0-44>;2403;7
K;<45-54>;2403;17
K;<55-64>;2403;23
K;<65-74>;2403;15
K;<75-84>;2403;7
K;85+;2403;2
K;<0-44>;2404;7
K;<45-54>;2404;14
K;<55-64>;2404;18
K;<65-74>;2404;7
K;<75-84>;2404;5
K;85+;2404;1
K;<0-44>;2405;9
K;<45-54>;2405;10
K;<55-64>;2405;18
K;<65-74>;2405;15
K;<75-84>;2405;6
K;85+;2405;1
K;<0-44>;2406;2
K;<45-54>;2406;7
K;<55-64>;2406;11
K;<65-74>;2406;9
K;<75-84>;2406;6
K;85+;2406;2
K;<0-44>;2407;5
K;<45-54>;2407;9
K;<55-64>;2407;8
K;<65-74>;2407;6
K;<75-84>;2407;3
K;85+;2407;1
K;<0-44>;2408;4
K;<45-54>;2408;7
K;<55-64>;2408;13
K;<65-74>;2408;10
K;<75-84>;2408;4
K;85+;2408;0
K;<0-44>;2409;4
K;<45-54>;2409;9
K;<55-64>;2409;14
K;<65-74>;2409;7
K;<75-84>;2409;6
K;85+;2409;1
K;<0-44>;2410;4
K;<45-54>;2410;9
K;<55-64>;2410;13
K;<65-74>;2410;11
K;<75-84>;2410;2
K;85+;2410;1
K;<0-44>;2411;2
K;<45-54>;2411;8
K;<55-64>;2411;12
K;<65-74>;2411;10
K;<75-84>;2411;8
K;85+;2411;1
K;<0-44>;2412;4
K;<45-54>;2412;7
K;<55-64>;2412;10
K;<65-74>;2412;6
K;<75-84>;2412;5
K;85+;2412;1
K;<0-44>;2413;5
K;<45-54>;2413;15
K;<55-64>;2413;23
K;<65-74>;2413;14
K;<75-84>;2413;8
K;85+;2413;1
K;<0-44>;2414;4
K;<45-54>;2414;4
K;<55-64>;2414;6
K;<65-74>;2414;5
K;<75-84>;2414;1
K;85+;2414;1
K;<0-44>;2415;6
K;<45-54>;2415;16
K;<55-64>;2415;16
K;<65-74>;2415;18
K;<75-84>;2415;11
K;85+;2415;2
K;<0-44>;2416;6
K;<45-54>;2416;15
K;<55-64>;2416;22
K;<65-74>;2416;14
K;<75-84>;2416;6
K;85+;2416;1
K;<0-44>;2417;4
K;<45-54>;2417;9
K;<55-64>;2417;16
K;<65-74>;2417;9
K;<75-84>;2417;7
K;85+;2417;1
K;<0-44>;2461;10
K;<45-54>;2461;17
K;<55-64>;2461;35
K;<65-74>;2461;24
K;<75-84>;2461;10
K;85+;2461;4
K;<0-44>;2462;9
K;<45-54>;2462;20
K;<55-64>;2462;30
K;<65-74>;2462;22
K;<75-84>;2462;9
K;85+;2462;1
K;<0-44>;2463;6
K;<45-54>;2463;11
K;<55-64>;2463;18
K;<65-74>;2463;16
K;<75-84>;2463;7
K;85+;2463;1
K;<0-44>;2464;13
K;<45-54>;2464;32
K;<55-64>;2464;63
K;<65-74>;2464;37
K;<75-84>;2464;21
K;85+;2464;5
K;<0-44>;2465;7
K;<45-54>;2465;14
K;<55-64>;2465;28
K;<65-74>;2465;13
K;<75-84>;2465;7
K;85+;2465;1
K;<0-44>;2466;7
K;<45-54>;2466;26
K;<55-64>;2466;34
K;<65-74>;2466;29
K;<75-84>;2466;19
K;85+;2466;3
K;<0-44>;2467;7
K;<45-54>;2467;6
K;<55-64>;2467;22
K;<65-74>;2467;11
K;<75-84>;2467;4
K;85+;2467;0
K;<0-44>;2468;4
K;<45-54>;2468;10
K;<55-64>;2468;18
K;<65-74>;2468;9
K;<75-84>;2468;5
K;85+;2468;1
K;<0-44>;2469;17
K;<45-54>;2469;33
K;<55-64>;2469;58
K;<65-74>;2469;46
K;<75-84>;2469;23
K;85+;2469;6
K;<0-44>;2470;2
K;<45-54>;2470;8
K;<55-64>;2470;13
K;<65-74>;2470;10
K;<75-84>;2470;4
K;85+;2470;1
K;<0-44>;2471;2
K;<45-54>;2471;7
K;<55-64>;2471;12
K;<65-74>;2471;8
K;<75-84>;2471;4
K;85+;2471;1
K;<0-44>;2472;7
K;<45-54>;2472;13
K;<55-64>;2472;24
K;<65-74>;2472;13
K;<75-84>;2472;9
K;85+;2472;2
K;<0-44>;2473;8
K;<45-54>;2473;17
K;<55-64>;2473;29
K;<65-74>;2473;17
K;<75-84>;2473;8
K;85+;2473;1
K;<0-44>;2474;6
K;<45-54>;2474;10
K;<55-64>;2474;12
K;<65-74>;2474;9
K;<75-84>;2474;4
K;85+;2474;0
K;<0-44>;2475;13
K;<45-54>;2475;29
K;<55-64>;2475;53
K;<65-74>;2475;39
K;<75-84>;2475;20
K;85+;2475;3
K;<0-44>;2476;3
K;<45-54>;2476;5
K;<55-64>;2476;6
K;<65-74>;2476;7
K;<75-84>;2476;4
K;85+;2476;1
K;<0-44>;2477;4
K;<45-54>;2477;16
K;<55-64>;2477;25
K;<65-74>;2477;14
K;<75-84>;2477;9
K;85+;2477;1
K;<0-44>;2478;5
K;<45-54>;2478;24
K;<55-64>;2478;25
K;<65-74>;2478;18
K;<75-84>;2478;8
K;85+;2478;2
K;<0-44>;2479;2
K;<45-54>;2479;3
K;<55-64>;2479;11
K;<65-74>;2479;6
K;<75-84>;2479;2
K;85+;2479;1
K;<0-44>;2601;2
K;<45-54>;2601;8
K;<55-64>;2601;11
K;<65-74>;2601;3
K;<75-84>;2601;3
K;85+;2601;1
K;<0-44>;2602;5
K;<45-54>;2602;7
K;<55-64>;2602;13
K;<65-74>;2602;6
K;<75-84>;2602;6
K;85+;2602;1
K;<0-44>;2603;2
K;<45-54>;2603;3
K;<55-64>;2603;2
K;<65-74>;2603;2
K;<75-84>;2603;1
K;85+;2603;1
K;<0-44>;2604;7
K;<45-54>;2604;15
K;<55-64>;2604;19
K;<65-74>;2604;9
K;<75-84>;2604;7
K;85+;2604;1
K;<0-44>;2605;4
K;<45-54>;2605;8
K;<55-64>;2605;13
K;<65-74>;2605;6
K;<75-84>;2605;4
K;85+;2605;1
K;<0-44>;2606;1
K;<45-54>;2606;7
K;<55-64>;2606;5
K;<65-74>;2606;3
K;<75-84>;2606;3
K;85+;2606;1
K;<0-44>;2607;4
K;<45-54>;2607;11
K;<55-64>;2607;20
K;<65-74>;2607;11
K;<75-84>;2607;4
K;85+;2607;1
K;<0-44>;2608;1
K;<45-54>;2608;3
K;<55-64>;2608;2
K;<65-74>;2608;3
K;<75-84>;2608;2
K;85+;2608;1
K;<0-44>;2609;4
K;<45-54>;2609;8
K;<55-64>;2609;12
K;<65-74>;2609;6
K;<75-84>;2609;2
K;85+;2609;1
K;<0-44>;2610;4
K;<45-54>;2610;9
K;<55-64>;2610;12
K;<65-74>;2610;9
K;<75-84>;2610;7
K;85+;2610;1
K;<0-44>;2611;4
K;<45-54>;2611;9
K;<55-64>;2611;19
K;<65-74>;2611;9
K;<75-84>;2611;6
K;85+;2611;1
K;<0-44>;2612;4
K;<45-54>;2612;6
K;<55-64>;2612;9
K;<65-74>;2612;6
K;<75-84>;2612;2
K;85+;2612;2
K;<0-44>;2613;3
K;<45-54>;2613;3
K;<55-64>;2613;5
K;<65-74>;2613;2
K;<75-84>;2613;3
K;85+;2613;1
K;<0-44>;2661;7
K;<45-54>;2661;24
K;<55-64>;2661;45
K;<65-74>;2661;24
K;<75-84>;2661;12
K;85+;2661;1
K;<0-44>;2801;3
K;<45-54>;2801;5
K;<55-64>;2801;9
K;<65-74>;2801;2
K;<75-84>;2801;2
K;85+;2801;1
K;<0-44>;2802;2
K;<45-54>;2802;3
K;<55-64>;2802;6
K;<65-74>;2802;2
K;<75-84>;2802;1
K;85+;2802;0
K;<0-44>;2803;2
K;<45-54>;2803;5
K;<55-64>;2803;12
K;<65-74>;2803;3
K;<75-84>;2803;5
K;85+;2803;1
K;<0-44>;2804;1
K;<45-54>;2804;7
K;<55-64>;2804;8
K;<65-74>;2804;4
K;<75-84>;2804;3
K;85+;2804;1
K;<0-44>;2805;3
K;<45-54>;2805;7
K;<55-64>;2805;6
K;<65-74>;2805;4
K;<75-84>;2805;4
K;85+;2805;1
K;<0-44>;2806;4
K;<45-54>;2806;7
K;<55-64>;2806;7
K;<65-74>;2806;4
K;<75-84>;2806;4
K;85+;2806;1
K;<0-44>;2807;2
K;<45-54>;2807;11
K;<55-64>;2807;14
K;<65-74>;2807;5
K;<75-84>;2807;3
K;85+;2807;1
K;<0-44>;2808;3
K;<45-54>;2808;5
K;<55-64>;2808;15
K;<65-74>;2808;5
K;<75-84>;2808;1
K;85+;2808;0
K;<0-44>;2809;1
K;<45-54>;2809;4
K;<55-64>;2809;6
K;<65-74>;2809;2
K;<75-84>;2809;2
K;85+;2809;1
K;<0-44>;2810;1
K;<45-54>;2810;6
K;<55-64>;2810;9
K;<65-74>;2810;4
K;<75-84>;2810;2
K;85+;2810;1
K;<0-44>;2811;1
K;<45-54>;2811;4
K;<55-64>;2811;7
K;<65-74>;2811;2
K;<75-84>;2811;2
K;85+;2811;1
K;<0-44>;2812;2
K;<45-54>;2812;3
K;<55-64>;2812;5
K;<65-74>;2812;3
K;<75-84>;2812;3
K;85+;2812;1
K;<0-44>;2813;1
K;<45-54>;2813;2
K;<55-64>;2813;5
K;<65-74>;2813;2
K;<75-84>;2813;1
K;85+;2813;1
K;<0-44>;2814;8
K;<45-54>;2814;11
K;<55-64>;2814;17
K;<65-74>;2814;8
K;<75-84>;2814;4
K;85+;2814;2
K;<0-44>;2815;6
K;<45-54>;2815;14
K;<55-64>;2815;18
K;<65-74>;2815;8
K;<75-84>;2815;4
K;85+;2815;1
K;<0-44>;2816;2
K;<45-54>;2816;7
K;<55-64>;2816;7
K;<65-74>;2816;3
K;<75-84>;2816;3
K;85+;2816;0
K;<0-44>;2817;4
K;<45-54>;2817;6
K;<55-64>;2817;7
K;<65-74>;2817;3
K;<75-84>;2817;3
K;85+;2817;0
K;<0-44>;2818;1
K;<45-54>;2818;2
K;<55-64>;2818;5
K;<65-74>;2818;1
K;<75-84>;2818;1
K;85+;2818;0
K;<0-44>;2819;1
K;<45-54>;2819;3
K;<55-64>;2819;1
K;<65-74>;2819;2
K;<75-84>;2819;1
K;85+;2819;0
K;<0-44>;2861;5
K;<45-54>;2861;11
K;<55-64>;2861;25
K;<65-74>;2861;13
K;<75-84>;2861;7
K;85+;2861;1
K;<0-44>;2862;12
K;<45-54>;2862;25
K;<55-64>;2862;39
K;<65-74>;2862;22
K;<75-84>;2862;13
K;85+;2862;2
K;<0-44>;3001;2
K;<45-54>;3001;4
K;<55-64>;3001;8
K;<65-74>;3001;5
K;<75-84>;3001;4
K;85+;3001;1
K;<0-44>;3002;6
K;<45-54>;3002;8
K;<55-64>;3002;14
K;<65-74>;3002;8
K;<75-84>;3002;3
K;85+;3002;1
K;<0-44>;3003;8
K;<45-54>;3003;18
K;<55-64>;3003;26
K;<65-74>;3003;13
K;<75-84>;3003;7
K;85+;3003;2
K;<0-44>;3004;4
K;<45-54>;3004;9
K;<55-64>;3004;15
K;<65-74>;3004;5
K;<75-84>;3004;5
K;85+;3004;1
K;<0-44>;3005;4
K;<45-54>;3005;6
K;<55-64>;3005;5
K;<65-74>;3005;2
K;<75-84>;3005;1
K;85+;3005;1
K;<0-44>;3006;3
K;<45-54>;3006;6
K;<55-64>;3006;10
K;<65-74>;3006;3
K;<75-84>;3006;4
K;85+;3006;1
K;<0-44>;3007;3
K;<45-54>;3007;6
K;<55-64>;3007;7
K;<65-74>;3007;4
K;<75-84>;3007;5
K;85+;3007;0
K;<0-44>;3008;3
K;<45-54>;3008;7
K;<55-64>;3008;9
K;<65-74>;3008;3
K;<75-84>;3008;2
K;85+;3008;1
K;<0-44>;3009;3
K;<45-54>;3009;9
K;<55-64>;3009;13
K;<65-74>;3009;6
K;<75-84>;3009;6
K;85+;3009;1
K;<0-44>;3010;4
K;<45-54>;3010;15
K;<55-64>;3010;17
K;<65-74>;3010;8
K;<75-84>;3010;4
K;85+;3010;2
K;<0-44>;3011;4
K;<45-54>;3011;8
K;<55-64>;3011;12
K;<65-74>;3011;6
K;<75-84>;3011;2
K;85+;3011;1
K;<0-44>;3012;3
K;<45-54>;3012;13
K;<55-64>;3012;11
K;<65-74>;3012;4
K;<75-84>;3012;3
K;85+;3012;1
K;<0-44>;3013;3
K;<45-54>;3013;5
K;<55-64>;3013;7
K;<65-74>;3013;3
K;<75-84>;3013;3
K;85+;3013;1
K;<0-44>;3014;2
K;<45-54>;3014;4
K;<55-64>;3014;8
K;<65-74>;3014;2
K;<75-84>;3014;2
K;85+;3014;1
K;<0-44>;3015;2
K;<45-54>;3015;9
K;<55-64>;3015;10
K;<65-74>;3015;4
K;<75-84>;3015;2
K;85+;3015;1
K;<0-44>;3016;2
K;<45-54>;3016;5
K;<55-64>;3016;6
K;<65-74>;3016;5
K;<75-84>;3016;3
K;85+;3016;1
K;<0-44>;3017;7
K;<45-54>;3017;23
K;<55-64>;3017;29
K;<65-74>;3017;9
K;<75-84>;3017;10
K;85+;3017;1
K;<0-44>;3018;2
K;<45-54>;3018;5
K;<55-64>;3018;6
K;<65-74>;3018;4
K;<75-84>;3018;2
K;85+;3018;1
K;<0-44>;3019;8
K;<45-54>;3019;18
K;<55-64>;3019;22
K;<65-74>;3019;10
K;<75-84>;3019;6
K;85+;3019;3
K;<0-44>;3020;4
K;<45-54>;3020;4
K;<55-64>;3020;11
K;<65-74>;3020;5
K;<75-84>;3020;2
K;85+;3020;1
K;<0-44>;3021;18
K;<45-54>;3021;36
K;<55-64>;3021;47
K;<65-74>;3021;24
K;<75-84>;3021;16
K;85+;3021;4
K;<0-44>;3022;3
K;<45-54>;3022;6
K;<55-64>;3022;8
K;<65-74>;3022;5
K;<75-84>;3022;2
K;85+;3022;1
K;<0-44>;3023;3
K;<45-54>;3023;7
K;<55-64>;3023;9
K;<65-74>;3023;3
K;<75-84>;3023;2
K;85+;3023;1
K;<0-44>;3024;5
K;<45-54>;3024;11
K;<55-64>;3024;13
K;<65-74>;3024;6
K;<75-84>;3024;4
K;85+;3024;1
K;<0-44>;3025;3
K;<45-54>;3025;6
K;<55-64>;3025;9
K;<65-74>;3025;6
K;<75-84>;3025;3
K;85+;3025;1
K;<0-44>;3026;5
K;<45-54>;3026;7
K;<55-64>;3026;7
K;<65-74>;3026;6
K;<75-84>;3026;2
K;85+;3026;0
K;<0-44>;3027;3
K;<45-54>;3027;6
K;<55-64>;3027;13
K;<65-74>;3027;7
K;<75-84>;3027;3
K;85+;3027;2
K;<0-44>;3028;3
K;<45-54>;3028;9
K;<55-64>;3028;10
K;<65-74>;3028;5
K;<75-84>;3028;2
K;85+;3028;1
K;<0-44>;3029;3
K;<45-54>;3029;5
K;<55-64>;3029;7
K;<65-74>;3029;5
K;<75-84>;3029;1
K;85+;3029;1
K;<0-44>;3030;4
K;<45-54>;3030;9
K;<55-64>;3030;9
K;<65-74>;3030;6
K;<75-84>;3030;4
K;85+;3030;1
K;<0-44>;3031;4
K;<45-54>;3031;5
K;<55-64>;3031;8
K;<65-74>;3031;3
K;<75-84>;3031;3
K;85+;3031;0
K;<0-44>;3061;2
K;<45-54>;3061;11
K;<55-64>;3061;19
K;<65-74>;3061;13
K;<75-84>;3061;8
K;85+;3061;2
K;<0-44>;3062;6
K;<45-54>;3062;7
K;<55-64>;3062;16
K;<65-74>;3062;12
K;<75-84>;3062;6
K;85+;3062;1
K;<0-44>;3063;3
K;<45-54>;3063;8
K;<55-64>;3063;12
K;<65-74>;3063;7
K;<75-84>;3063;2
K;85+;3063;1
K;<0-44>;3064;36
K;<45-54>;3064;67
K;<55-64>;3064;125
K;<65-74>;3064;78
K;<75-84>;3064;50
K;85+;3064;16
K;<0-44>;3201;6
K;<45-54>;3201;4
K;<55-64>;3201;7
K;<65-74>;3201;3
K;<75-84>;3201;1
K;85+;3201;1
K;<0-44>;3202;1
K;<45-54>;3202;4
K;<55-64>;3202;9
K;<65-74>;3202;3
K;<75-84>;3202;3
K;85+;3202;1
K;<0-44>;3203;3
K;<45-54>;3203;4
K;<55-64>;3203;9
K;<65-74>;3203;7
K;<75-84>;3203;2
K;85+;3203;1
K;<0-44>;3204;4
K;<45-54>;3204;10
K;<55-64>;3204;14
K;<65-74>;3204;9
K;<75-84>;3204;3
K;85+;3204;0
K;<0-44>;3205;3
K;<45-54>;3205;4
K;<55-64>;3205;7
K;<65-74>;3205;2
K;<75-84>;3205;2
K;85+;3205;1
K;<0-44>;3206;3
K;<45-54>;3206;12
K;<55-64>;3206;13
K;<65-74>;3206;3
K;<75-84>;3206;5
K;85+;3206;1
K;<0-44>;3207;2
K;<45-54>;3207;5
K;<55-64>;3207;10
K;<65-74>;3207;2
K;<75-84>;3207;2
K;85+;3207;1
K;<0-44>;3208;2
K;<45-54>;3208;10
K;<55-64>;3208;16
K;<65-74>;3208;6
K;<75-84>;3208;4
K;85+;3208;1
K;<0-44>;3209;3
K;<45-54>;3209;6
K;<55-64>;3209;8
K;<65-74>;3209;1
K;<75-84>;3209;2
K;85+;3209;1
K;<0-44>;3210;2
K;<45-54>;3210;10
K;<55-64>;3210;14
K;<65-74>;3210;5
K;<75-84>;3210;2
K;85+;3210;1
K;<0-44>;3211;4
K;<45-54>;3211;8
K;<55-64>;3211;13
K;<65-74>;3211;4
K;<75-84>;3211;3
K;85+;3211;1
K;<0-44>;3212;2
K;<45-54>;3212;4
K;<55-64>;3212;7
K;<65-74>;3212;2
K;<75-84>;3212;3
K;85+;3212;1
K;<0-44>;3213;3
K;<45-54>;3213;6
K;<55-64>;3213;9
K;<65-74>;3213;3
K;<75-84>;3213;3
K;85+;3213;1
K;<0-44>;3214;7
K;<45-54>;3214;11
K;<55-64>;3214;17
K;<65-74>;3214;11
K;<75-84>;3214;7
K;85+;3214;2
K;<0-44>;3215;5
K;<45-54>;3215;10
K;<55-64>;3215;14
K;<65-74>;3215;6
K;<75-84>;3215;4
K;85+;3215;1
K;<0-44>;3216;3
K;<45-54>;3216;4
K;<55-64>;3216;9
K;<65-74>;3216;3
K;<75-84>;3216;3
K;85+;3216;1
K;<0-44>;3217;4
K;<45-54>;3217;6
K;<55-64>;3217;7
K;<65-74>;3217;3
K;<75-84>;3217;2
K;85+;3217;2
K;<0-44>;3218;2
K;<45-54>;3218;4
K;<55-64>;3218;6
K;<65-74>;3218;3
K;<75-84>;3218;2
K;85+;3218;1
K;<0-44>;3261;6
K;<45-54>;3261;10
K;<55-64>;3261;24
K;<65-74>;3261;16
K;<75-84>;3261;7
K;85+;3261;2
K;<0-44>;3262;26
K;<45-54>;3262;47
K;<55-64>;3262;89
K;<65-74>;3262;58
K;<75-84>;3262;41
K;85+;3262;8
K;<0-44>;3263;1
K;<45-54>;3263;5
K;<55-64>;3263;10
K;<65-74>;3263;5
K;<75-84>;3263;2
K;85+;3263;1
