;TERYT4;AGE_GROUP;GENDER;predykcja
453;201;1;K;6,279335774
785;201;2;K;8,62178178
1117;201;3;K;14,19782727
1449;201;4;K;8,843237775
1781;201;5;K;4,658253348
2146;201;1;M;0
2525;201;2;M;0
2904;201;3;M;0
3283;201;4;M;0
3662;201;5;M;0
33;202;1;K;5,094556236
80;202;2;K;10,2871656
127;202;3;K;15,26582653
174;202;4;K;8,578510503
221;202;5;K;6,583526501
2139;202;1;M;0
2518;202;2;M;0
2897;202;3;M;0
3276;202;4;M;0
3655;202;5;M;0
19;203;1;K;4,245172828
66;203;2;K;8,07003486
113;203;3;K;13,31912756
160;203;4;K;6,796269842
207;203;5;K;4,444691463
2033;203;1;M;0
2412;203;2;M;0
2791;203;3;M;0
3170;203;4;M;0
3549;203;5;M;2,373553708
297;204;1;K;1,999206274
629;204;2;K;2,80608739
961;204;3;K;4,961893918
1293;204;4;K;2,496306593
1625;204;5;K;2,586512562
1964;204;1;M;0
2343;204;2;M;0
2722;204;3;M;0
3101;204;4;M;1,419150072
3480;204;5;M;0
36;205;1;K;2,517569397
83;205;2;K;6,297354523
130;205;3;K;8,009130344
177;205;4;K;4,209879251
224;205;5;K;2,44695953
2178;205;1;M;0
2557;205;2;M;0
2936;205;3;M;0
3315;205;4;M;0
3694;205;5;M;0
16;206;1;K;3,061832736
63;206;2;K;6,00246521
110;206;3;K;8,60064947
157;206;4;K;4,64481402
204;206;5;K;3,611483635
2014;206;1;M;0
2393;206;2;M;0
2772;206;3;M;0
3151;206;4;M;0
3530;206;5;M;0
558;207;1;K;3,167214932
890;207;2;K;5,144664274
1222;207;3;K;7,134788899
1554;207;4;K;5,002188932
1886;207;5;K;3,015826438
2262;207;1;M;0
2641;207;2;M;0
3020;207;3;M;0
3399;207;4;M;0
3778;207;5;M;0
433;208;1;K;9,785397502
765;208;2;K;18,95596613
1097;208;3;K;25,63983568
1429;208;4;K;15,0758621
1761;208;5;K;9,573843259
2120;208;1;M;0
2499;208;2;M;0
2878;208;3;M;0
3257;208;4;M;0
3636;208;5;M;3,385579465
378;209;1;K;3,86227002
710;209;2;K;3,875870257
1042;209;3;K;7,634539765
1374;209;4;K;4,771583566
1706;209;5;K;3,145645387
2059;209;1;M;0
2438;209;2;M;0
2817;209;3;M;0
3196;209;4;M;0
3575;209;5;M;0
338;210;1;K;2,964458289
670;210;2;K;6,106646811
1002;210;3;K;9,532887958
1334;210;4;K;3,73990065
1666;210;5;K;3,518430198
2013;210;1;M;0
2392;210;2;M;0
2771;210;3;M;4,009136151
3150;210;4;M;1,744854491
3529;210;5;M;0
452;211;1;K;6,789760972
784;211;2;K;14,24608292
1116;211;3;K;20,40157546
1448;211;4;K;11,43825948
1780;211;5;K;6,83809376
2145;211;1;M;0
2524;211;2;M;0
2903;211;3;M;4,73364942
3282;211;4;M;0
3661;211;5;M;0
329;212;1;K;2,373652191
661;212;2;K;4,338096985
993;212;3;K;6,318990136
1325;212;4;K;3,549802557
1657;212;5;K;2,147509665
2002;212;1;M;0
2381;212;2;M;0
2760;212;3;M;1,764085537
3139;212;4;M;0
3518;212;5;M;0
425;213;1;K;2,236798161
757;213;2;K;3,979099036
1089;213;3;K;6,238460344
1421;213;4;K;2,817204878
1753;213;5;K;1,93788176
2111;213;1;M;0
2490;213;2;M;0
2869;213;3;M;0
3248;213;4;M;1,399557867
3627;213;5;M;0
385;214;1;K;6,082335371
717;214;2;K;10,65378557
1049;214;3;K;15,28536204
1381;214;4;K;8,855463028
1713;214;5;K;6,607797729
2067;214;1;M;0
2446;214;2;M;0
2825;214;3;M;0
3204;214;4;M;0
3583;214;5;M;0
384;215;1;K;3,732789617
716;215;2;K;7,201329859
1048;215;3;K;13,50600272
1380;215;4;K;6,613315478
1712;215;5;K;4,324913526
2066;215;1;M;0
2445;215;2;M;0
2824;215;3;M;0
3203;215;4;M;0
3582;215;5;M;0
350;216;1;K;3,450166686
682;216;2;K;6,733634325
1014;216;3;K;9,96753098
1346;216;4;K;5,191339049
1678;216;5;K;3,107228996
2028;216;1;M;0
2407;216;2;M;0
2786;216;3;M;0
3165;216;4;M;0,976972706
3544;216;5;M;0
256;217;1;K;1,923950288
588;217;2;K;4,50221381
920;217;3;K;6,218848687
1252;217;4;K;2,67201936
1584;217;5;K;3,213471048
1918;217;1;M;0
2297;217;2;M;0
2676;217;3;M;2,440884711
3055;217;4;M;0
3434;217;5;M;0
267;218;1;K;0
599;218;2;K;5,444195342
931;218;3;K;4,420595908
1263;218;4;K;4,239201093
1595;218;5;K;1,966657799
1931;218;1;M;0
2310;218;2;M;0
2689;218;3;M;1,774833731
3068;218;4;M;0
3447;218;5;M;0
477;219;1;K;8,854988081
809;219;2;K;18,66609734
1141;219;3;K;28,80033471
1473;219;4;K;18,85202749
1805;219;5;K;8,333303986
2170;219;1;M;2,945149758
2549;219;2;M;0
2928;219;3;M;4,804403985
3307;219;4;M;0
3686;219;5;M;0
411;220;1;K;4,122685097
743;220;2;K;7,464929714
1075;220;3;K;12,18963045
1407;220;4;K;6,478568595
1739;220;5;K;3,962863003
2097;220;1;M;0
2476;220;2;M;0
2855;220;3;M;0
3234;220;4;M;0
3613;220;5;M;1,531221875
562;221;1;K;10,47736333
894;221;2;K;23,21422234
1226;221;3;K;38,24282006
1558;221;4;K;18,92766732
1890;221;5;K;14,27533658
2268;221;1;M;0
2647;221;2;M;0
3026;221;3;M;6,215908766
3405;221;4;M;0
3784;221;5;M;0
375;222;1;K;2,598014744
707;222;2;K;5,230239903
1039;222;3;K;7,254205017
1371;222;4;K;4,160013828
1703;222;5;K;0
2056;222;1;M;0
2435;222;2;M;0
2814;222;3;M;0
3193;222;4;M;0
3572;222;5;M;0
315;223;1;K;7,066458102
647;223;2;K;14,71018429
979;223;3;K;22,89371751
1311;223;4;K;10,89715083
1643;223;5;K;6,86675189
1984;223;1;M;0
2363;223;2;M;0
2742;223;3;M;0
3121;223;4;M;0
3500;223;5;M;0
32;224;1;K;3,311741573
79;224;2;K;5,972066669
126;224;3;K;8,880581266
173;224;4;K;5,812585353
220;224;5;K;3,503153887
2137;224;1;M;0
2516;224;2;M;0
2895;224;3;M;0
3274;224;4;M;0
3653;224;5;M;0
520;225;1;K;5,707872036
852;225;2;K;9,547015661
1184;225;3;K;19,33086094
1516;225;4;K;11,05101592
1848;225;5;K;5,772888615
2221;225;1;M;0
2600;225;2;M;0
2979;225;3;M;0
3358;225;4;M;0
3737;225;5;M;1,858374158
424;226;1;K;0
756;226;2;K;4,716760855
1088;226;3;K;7,034555868
1420;226;4;K;3,969158201
1752;226;5;K;2,422575147
2110;226;1;M;0
2489;226;2;M;0
2868;226;3;M;0
3247;226;4;M;0
3626;226;5;M;0
555;261;1;K;3,903129475
887;261;2;K;11,41577221
1219;261;3;K;18,48769286
1551;261;4;K;7,978438317
1883;261;5;K;6,924489802
2259;261;1;M;0
2638;261;2;M;0
3017;261;3;M;0
3396;261;4;M;0
3775;261;5;M;0
546;262;1;K;5,78970692
878;262;2;K;14,23967123
1210;262;3;K;21,27670122
1542;262;4;K;15,22774339
1874;262;5;K;6,552050507
2249;262;1;M;0
2628;262;2;M;0
3007;262;3;M;4,387544518
3386;262;4;M;0
3765;262;5;M;0
44;264;1;K;43,86341023
91;264;2;K;75,26035539
138;264;3;K;112,8984353
185;264;4;K;73,30087645
232;264;5;K;52,5077118
2257;264;1;M;0
2636;264;2;M;0
3015;264;3;M;24,91618596
3394;264;4;M;11,55444062
3773;264;5;M;11,52947687
545;401;1;K;3,631197531
877;401;2;K;6,891081445
1209;401;3;K;7,953039936
1541;401;4;K;5,020547618
1873;401;5;K;3,74274033
2248;401;1;M;0
2627;401;2;M;0
3006;401;3;M;0
3385;401;4;M;0
3764;401;5;M;0
428;402;1;K;5,210777666
760;402;2;K;9,252993666
1092;402;3;K;11,9792855
1424;402;4;K;6,956567671
1756;402;5;K;4,9928954
2115;402;1;M;0
2494;402;2;M;0
2873;402;3;M;0
3252;402;4;M;0
3631;402;5;M;0
357;403;1;K;6,12435862
689;403;2;K;11,29285851
1021;403;3;K;18,06083162
1353;403;4;K;9,119614127
1685;403;5;K;4,031504907
2036;403;1;M;0
2415;403;2;M;0
2794;403;3;M;0
3173;403;4;M;0
3552;403;5;M;0
18;404;1;K;2,975596512
65;404;2;K;4,816107309
112;404;3;K;7,437683904
159;404;4;K;4,854214607
206;404;5;K;3,083409672
2027;404;1;M;0
2406;404;2;M;0
2785;404;3;M;0
3164;404;4;M;0
3543;404;5;M;0
313;405;1;K;2,403774142
645;405;2;K;4,34760198
977;405;3;K;6,457590405
1309;405;4;K;3,362234063
1641;405;5;K;2,000459178
1982;405;1;M;0
2361;405;2;M;0
2740;405;3;M;1,619572434
3119;405;4;M;0
3498;405;5;M;0
5;406;1;K;1,733328787
52;406;2;K;3,928061468
99;406;3;K;5,72363581
146;406;4;K;3,238780361
193;406;5;K;1,949882852
1932;406;1;M;0
2311;406;2;M;0
2690;406;3;M;0
3069;406;4;M;0
3448;406;5;M;0
510;407;1;K;10,42476491
842;407;2;K;21,34706081
1174;407;3;K;32,97033557
1506;407;4;K;16,13517685
1838;407;5;K;10,76954672
2210;407;1;M;0
2589;407;2;M;4,355430332
2968;407;3;M;6,197096607
3347;407;4;M;0
3726;407;5;M;0
283;408;1;K;3,193916009
615;408;2;K;6,19731999
947;408;3;K;9,878547229
1279;408;4;K;4,860139687
1611;408;5;K;3,380932714
1950;408;1;M;0
2329;408;2;M;0
2708;408;3;M;0
3087;408;4;M;0
3466;408;5;M;0
420;409;1;K;2,830538648
752;409;2;K;4,310260348
1084;409;3;K;7,261423399
1416;409;4;K;3,961405748
1748;409;5;K;0
2106;409;1;M;0
2485;409;2;M;0
2864;409;3;M;0
3243;409;4;M;0
3622;409;5;M;0
412;410;1;K;4,735815988
744;410;2;K;9,557410675
1076;410;3;K;11,5672044
1408;410;4;K;7,581481582
1740;410;5;K;3,035824065
2098;410;1;M;0
2477;410;2;M;0
2856;410;3;M;0
3235;410;4;M;0
3614;410;5;M;0
392;411;1;K;2,391073157
724;411;2;K;3,686650582
1056;411;3;K;6,32367798
1388;411;4;K;4,400891019
1720;411;5;K;3,149290638
2074;411;1;M;0
2453;411;2;M;0
2832;411;3;M;0
3211;411;4;M;0
3590;411;5;M;0
242;412;1;K;2,66070573
574;412;2;K;2,939562468
906;412;3;K;4,718490522
1238;412;4;K;3,404176937
1570;412;5;K;1,724404572
1902;412;1;M;0
2281;412;2;M;0
2660;412;3;M;0
3039;412;4;M;0
3418;412;5;M;0
423;413;1;K;3,509778929
755;413;2;K;4,67325896
1087;413;3;K;5,832705679
1419;413;4;K;3,486947033
1751;413;5;K;1,977564943
2109;413;1;M;0
2488;413;2;M;0
2867;413;3;M;0
3246;413;4;M;0
3625;413;5;M;0
29;414;1;K;5,150020683
76;414;2;K;9,330639012
123;414;3;K;14,51204384
170;414;4;K;8,193838649
217;414;5;K;5,030610821
2127;414;1;M;0
2506;414;2;M;0
2885;414;3;M;0
3264;414;4;M;1,551483731
3643;414;5;M;1,781991911
306;415;1;K;5,49121074
638;415;2;K;10,43389017
970;415;3;K;14,02526124
1302;415;4;K;8,224877442
1634;415;5;K;4,948910777
1974;415;1;M;0
2353;415;2;M;0
2732;415;3;M;3,193795974
3111;415;4;M;0
3490;415;5;M;0
272;416;1;K;3,565601886
604;416;2;K;4,337951179
936;416;3;K;4,994172083
1268;416;4;K;4,082723837
1600;416;5;K;2,364733618
1937;416;1;M;0
2316;416;2;M;0
2695;416;3;M;0
3074;416;4;M;0
3453;416;5;M;0
352;417;1;K;0
684;417;2;K;2,866871744
1016;417;3;K;5,770131489
1348;417;4;K;2,701385432
1680;417;5;K;1,783452533
2030;417;1;M;0
2409;417;2;M;0
2788;417;3;M;0
3167;417;4;M;0
3546;417;5;M;0
337;418;1;K;3,611846605
669;418;2;K;8,078372129
1001;418;3;K;10,86588913
1333;418;4;K;6,500310798
1665;418;5;K;3,268488154
2012;418;1;M;0
2391;418;2;M;0
2770;418;3;M;0
3149;418;4;M;0
3528;418;5;M;0
523;419;1;K;5,354638467
855;419;2;K;9,727174712
1187;419;3;K;13,45204715
1519;419;4;K;5,93903286
1851;419;5;K;3,925004271
2224;419;1;M;0
2603;419;2;M;0
2982;419;3;M;0
3361;419;4;M;0
3740;419;5;M;0
553;461;1;K;21,90619041
885;461;2;K;50,4171523
1217;461;3;K;76,14719805
1549;461;4;K;45,8198862
1881;461;5;K;29,76220657
2256;461;1;M;0
2635;461;2;M;0
3014;461;3;M;12,87647349
3393;461;4;M;0
3772;461;5;M;0
513;462;1;K;6,209069874
845;462;2;K;13,87008745
1177;462;3;K;22,22327176
1509;462;4;K;13,52939082
1841;462;5;K;10,88064129
2213;462;1;M;0
2592;462;2;M;0
2971;462;3;M;0
3350;462;4;M;0
3729;462;5;M;0
541;463;1;K;13,13051829
873;463;2;K;30,03351963
1205;463;3;K;44,13574103
1537;463;4;K;28,96482881
1869;463;5;K;13,69114292
2244;463;1;M;7,85517783
2623;463;2;M;0
3002;463;3;M;0
3381;463;4;M;11,32203377
3760;463;5;M;0
559;464;1;K;7,689622339
891;464;2;K;16,14417501
1223;464;3;K;25,6357264
1555;464;4;K;16,08933503
1887;464;5;K;7,886628947
2264;464;1;M;0
2643;464;2;M;0
3022;464;3;M;3,974639216
3401;464;4;M;2,233136268
3780;464;5;M;0
292;601;1;K;4,340315299
624;601;2;K;9,030794831
956;601;3;K;13,20445534
1288;601;4;K;7,69200435
1620;601;5;K;4,339213423
1959;601;1;M;0
2338;601;2;M;0
2717;601;3;M;0
3096;601;4;M;4,210649292
3475;601;5;M;0
6;602;1;K;4,571369873
53;602;2;K;10,478434
100;602;3;K;14,57471763
147;602;4;K;8,634464602
194;602;5;K;5,316766007
1938;602;1;M;0
2317;602;2;M;0
2696;602;3;M;2,279642875
3075;602;4;M;0
3454;602;5;M;0
8;603;1;K;4,134368692
55;603;2;K;7,986725372
102;603;3;K;11,58721801
149;603;4;K;7,156619516
196;603;5;K;4,750302163
1973;603;1;M;0
2352;603;2;M;0
2731;603;3;M;0
3110;603;4;M;0
3489;603;5;M;0
486;604;1;K;3,180250607
818;604;2;K;5,900833083
1150;604;3;K;9,530571112
1482;604;4;K;4,577206548
1814;604;5;K;3,328776132
2183;604;1;M;0
2562;604;2;M;0
2941;604;3;M;0
3320;604;4;M;0
3699;604;5;M;0
2;605;1;K;2,629044295
49;605;2;K;4,760503077
96;605;3;K;5,740761146
143;605;4;K;4,521237009
190;605;5;K;2,437861075
1912;605;1;M;0
2291;605;2;M;0
2670;605;3;M;0
3049;605;4;M;0
3428;605;5;M;0
31;606;1;K;2,8988219
78;606;2;K;6,75456817
125;606;3;K;10,27882628
172;606;4;K;6,660206912
219;606;5;K;3,63564636
2135;606;1;M;0
2514;606;2;M;0
2893;606;3;M;0
3272;606;4;M;0
3651;606;5;M;0
348;607;1;K;4,593620163
680;607;2;K;9,91356814
1012;607;3;K;14,23678521
1344;607;4;K;7,066018585
1676;607;5;K;4,734557212
2025;607;1;M;0
2404;607;2;M;0
2783;607;3;M;2,048431806
3162;607;4;M;0
3541;607;5;M;0,611064696
262;608;1;K;3,447022444
594;608;2;K;6,870907273
926;608;3;K;11,88098238
1258;608;4;K;6,602831551
1590;608;5;K;5,031911801
1924;608;1;M;0
2303;608;2;M;0
2682;608;3;M;0
3061;608;4;M;0
3440;608;5;M;0
264;609;1;K;7,193435582
596;609;2;K;15,58271215
928;609;3;K;20,79069135
1260;609;4;K;9,963625189
1592;609;5;K;7,282599173
1927;609;1;M;0
2306;609;2;M;0
2685;609;3;M;0
3064;609;4;M;1,077658582
3443;609;5;M;0
343;610;1;K;2,296634044
675;610;2;K;6,466558133
1007;610;3;K;8,721816111
1339;610;4;K;0
1671;610;5;K;2,635409887
2019;610;1;M;0
2398;610;2;M;0
2777;610;3;M;0
3156;610;4;M;0
3535;610;5;M;0
4;611;1;K;5,315967751
51;611;2;K;9,993272759
98;611;3;K;15,89228179
145;611;4;K;9,359853076
192;611;5;K;5,736445982
1929;611;1;M;0
2308;611;2;M;0
2687;611;3;M;0
3066;611;4;M;0
3445;611;5;M;0
355;612;1;K;3,317712393
687;612;2;K;6,646501831
1019;612;3;K;8,407752215
1351;612;4;K;5,073896305
1683;612;5;K;3,108009366
2034;612;1;M;0
2413;612;2;M;0
2792;612;3;M;0
3171;612;4;M;0,732680067
3550;612;5;M;0
323;613;1;K;0
655;613;2;K;3,618780896
987;613;3;K;4,812957243
1319;613;4;K;3,030823368
1651;613;5;K;1,824551813
1994;613;1;M;0
2373;613;2;M;0
2752;613;3;M;0
3131;613;4;M;0
3510;613;5;M;0,757624163
464;614;1;K;5,835695584
796;614;2;K;11,25673655
1128;614;3;K;18,34334553
1460;614;4;K;12,05009671
1792;614;5;K;6,198351503
2157;614;1;M;1,711914701
2536;614;2;M;0
2915;614;3;M;0
3294;614;4;M;1,048603747
3673;614;5;M;1,579923979
289;615;1;K;3,691186134
621;615;2;K;6,064163745
953;615;3;K;7,900692011
1285;615;4;K;4,438920714
1617;615;5;K;2,884892305
1956;615;1;M;0
2335;615;2;M;0
2714;615;3;M;0
3093;615;4;M;0,968687006
3472;615;5;M;0
273;616;1;K;2,848642951
605;616;2;K;6,182852771
937;616;3;K;8,296083156
1269;616;4;K;4,455903987
1601;616;5;K;0
1940;616;1;M;0
2319;616;2;M;1,154558599
2698;616;3;M;0
3077;616;4;M;0
3456;616;5;M;0
492;617;1;K;4,35590829
824;617;2;K;7,685406133
1156;617;3;K;12,30419132
1488;617;4;K;6,06751165
1820;617;5;K;4,164768381
2190;617;1;M;0
2569;617;2;M;1,857481007
2948;617;3;M;0
3327;617;4;M;0
3706;617;5;M;0,998000959
248;618;1;K;3,544467524
580;618;2;K;6,560818165
912;618;3;K;9,253327774
1244;618;4;K;5,429850267
1576;618;5;K;2,696235076
1909;618;1;M;0
2288;618;2;M;0
2667;618;3;M;1,549502818
3046;618;4;M;0
3425;618;5;M;0
368;619;1;K;3,040544905
700;619;2;K;4,146374181
1032;619;3;K;5,260226657
1364;619;4;K;3,427533313
1696;619;5;K;0
2049;619;1;M;0
2428;619;2;M;0
2807;619;3;M;0
3186;619;4;M;0
3565;619;5;M;0
328;620;1;K;5,324483746
660;620;2;K;8,617890847
992;620;3;K;13,63817321
1324;620;4;K;7,598006755
1656;620;5;K;6,253161551
2001;620;1;M;0
2380;620;2;M;0
2759;620;3;M;2,346987179
3138;620;4;M;0
3517;620;5;M;1,168100567
394;661;1;K;3,550352231
726;661;2;K;5,823574519
1058;661;3;K;10,76478999
1390;661;4;K;4,631482175
1722;661;5;K;3,447365352
2076;661;1;M;0
2455;661;2;M;0
2834;661;3;M;0
3213;661;4;M;0
3592;661;5;M;0
43;662;1;K;3,814211145
90;662;2;K;6,804988083
137;662;3;K;12,88065323
184;662;4;K;10,29653813
231;662;5;K;5,503194457
2238;662;1;M;0
2617;662;2;M;0
2996;662;3;M;0
3375;662;4;M;1,404929218
3754;662;5;M;0
539;663;1;K;19,98140293
871;663;2;K;40,84895364
1203;663;3;K;67,66319246
1535;663;4;K;43,44507057
1867;663;5;K;19,95561831
2242;663;1;M;0
2621;663;2;M;8,485160117
3000;663;3;M;0
3379;663;4;M;0
3758;663;5;M;3,438723207
440;664;1;K;4,475570782
772;664;2;K;8,8945595
1104;664;3;K;13,84041301
1436;664;4;K;6,064078852
1768;664;5;K;3,395363484
2129;664;1;M;0
2508;664;2;M;1,769702146
2887;664;3;M;0
3266;664;4;M;0
3645;664;5;M;0
7;801;1;K;3,883276094
54;801;2;K;6,297355022
101;801;3;K;9,775050999
148;801;4;K;6,312455077
195;801;5;K;4,099367554
1939;801;1;M;0
2318;801;2;M;0
2697;801;3;M;0
3076;801;4;M;0
3455;801;5;M;0
470;802;1;K;3,903824726
802;802;2;K;7,171293111
1134;802;3;K;8,74212752
1466;802;4;K;5,051384632
1798;802;5;K;3,946812995
2163;802;1;M;0
2542;802;2;M;3,077534983
2921;802;3;M;2,836443035
3300;802;4;M;0
3679;802;5;M;0
531;803;1;K;3,355817428
863;803;2;K;6,897468309
1195;803;3;K;9,242142319
1527;803;4;K;4,717151615
1859;803;5;K;3,451759493
2232;803;1;M;0
2611;803;2;M;0
2990;803;3;M;0
3369;803;4;M;1,0930122
3748;803;5;M;0
413;804;1;K;5,555180523
745;804;2;K;9,284261738
1077;804;3;K;13,45071957
1409;804;4;K;7,11798162
1741;804;5;K;5,046504452
2099;804;1;M;0
2478;804;2;M;0
2857;804;3;M;0
3236;804;4;M;0
3615;804;5;M;0
27;805;1;K;2,661559314
74;805;2;K;5,536811755
121;805;3;K;7,082222369
168;805;4;K;4,219898662
215;805;5;K;2,565154409
2114;805;1;M;0
2493;805;2;M;0
2872;805;3;M;0
3251;805;4;M;0
3630;805;5;M;0
34;806;1;K;3,31551674
81;806;2;K;4,870587569
128;806;3;K;7,051291567
175;806;4;K;4,236876991
222;806;5;K;3,055265236
2172;806;1;M;0
2551;806;2;M;0
2930;806;3;M;2,065798434
3309;806;4;M;0
3688;806;5;M;0
370;807;1;K;2,055245624
702;807;2;K;3,505113276
1034;807;3;K;4,757611222
1366;807;4;K;2,651236116
1698;807;5;K;1,969397946
2051;807;1;M;0
2430;807;2;M;0
2809;807;3;M;0
3188;807;4;M;0
3567;807;5;M;0
497;808;1;K;3,146662245
829;808;2;K;5,207486155
1161;808;3;K;8,721037352
1493;808;4;K;4,110312496
1825;808;5;K;2,765674003
2197;808;1;M;0
2576;808;2;M;0
2955;808;3;M;0
3334;808;4;M;0
3713;808;5;M;0
512;809;1;K;3,987124362
844;809;2;K;7,606734348
1176;809;3;K;11,26109988
1508;809;4;K;6,5912742
1840;809;5;K;3,798549847
2212;809;1;M;0
2591;809;2;M;0
2970;809;3;M;0
3349;809;4;M;0
3728;809;5;M;0
460;810;1;K;4,465022432
792;810;2;K;9,766869443
1124;810;3;K;12,11945677
1456;810;4;K;6,607470647
1788;810;5;K;4,502760108
2153;810;1;M;0
2532;810;2;M;0
2911;810;3;M;0
3290;810;4;M;0
3669;810;5;M;0
347;811;1;K;5,428230573
679;811;2;K;11,74891506
1011;811;3;K;15,42623946
1343;811;4;K;7,731647052
1675;811;5;K;4,930888214
2023;811;1;M;0
2402;811;2;M;0
2781;811;3;M;3,398397137
3160;811;4;M;0
3539;811;5;M;0
294;812;1;K;1,842216041
626;812;2;K;3,744259323
958;812;3;K;5,244733194
1290;812;4;K;2,850246571
1622;812;5;K;2,149830048
1961;812;1;M;0
2340;812;2;M;0
2719;812;3;M;0
3098;812;4;M;0
3477;812;5;M;0
41;861;1;K;7,484448571
88;861;2;K;14,83929867
135;861;3;K;21,43076922
182;861;4;K;13,55643285
229;861;5;K;9,835591518
2220;861;1;M;0
2599;861;2;M;2,962995773
2978;861;3;M;3,615860928
3357;861;4;M;0
3736;861;5;M;0
431;862;1;K;7,852552972
763;862;2;K;16,59308872
1095;862;3;K;27,56542377
1427;862;4;K;11,9686825
1759;862;5;K;7,782002777
2118;862;1;M;0
2497;862;2;M;0
2876;862;3;M;3,880756647
3255;862;4;M;1,175848607
3634;862;5;M;0
401;1001;1;K;6,617835819
733;1001;2;K;11,87073547
1065;1001;3;K;22,31691696
1397;1001;4;K;10,74183853
1729;1001;5;K;4,713515692
2086;1001;1;M;0
2465;1001;2;M;0
2844;1001;3;M;0
3223;1001;4;M;0
3602;1001;5;M;0
527;1002;1;K;5,473740735
859;1002;2;K;11,83811665
1191;1002;3;K;16,02231734
1523;1002;4;K;9,698201418
1855;1002;5;K;6,266487655
2228;1002;1;M;0
2607;1002;2;M;0
2986;1002;3;M;0
3365;1002;4;M;0
3744;1002;5;M;0
503;1003;1;K;2,293581437
835;1003;2;K;4,807528104
1167;1003;3;K;6,983810806
1499;1003;4;K;3,751990595
1831;1003;5;K;2,767050086
2203;1003;1;M;0
2582;1003;2;M;0
2961;1003;3;M;1,627791707
3340;1003;4;M;0
3719;1003;5;M;0
528;1004;1;K;3,257147615
860;1004;2;K;6,080820817
1192;1004;3;K;9,198174723
1524;1004;4;K;4,731584352
1856;1004;5;K;3,032713255
2229;1004;1;M;0
2608;1004;2;M;0
2987;1004;3;M;0
3366;1004;4;M;0
3745;1004;5;M;0
359;1005;1;K;3,797708531
691;1005;2;K;8,03439584
1023;1005;3;K;12,3320381
1355;1005;4;K;6,36771346
1687;1005;5;K;2,776003954
2039;1005;1;M;0
2418;1005;2;M;0
2797;1005;3;M;0
3176;1005;4;M;1,072103867
3555;1005;5;M;0
404;1006;1;K;2,911689811
736;1006;2;K;7,164346235
1068;1006;3;K;9,511523792
1400;1006;4;K;5,776453145
1732;1006;5;K;3,169426306
2089;1006;1;M;0
2468;1006;2;M;0
2847;1006;3;M;0
3226;1006;4;M;0
3605;1006;5;M;0,790275244
281;1007;1;K;4,01640756
613;1007;2;K;6,747148478
945;1007;3;K;10,05665022
1277;1007;4;K;6,308549151
1609;1007;5;K;3,949547609
1948;1007;1;M;0
2327;1007;2;M;0
2706;1007;3;M;1,956493396
3085;1007;4;M;0,861912206
3464;1007;5;M;0
485;1008;1;K;6,697914965
817;1008;2;K;14,1119976
1149;1008;3;K;22,41142833
1481;1008;4;K;15,47604996
1813;1008;5;K;6,604609661
2182;1008;1;M;0
2561;1008;2;M;2,196321824
2940;1008;3;M;0
3319;1008;4;M;0
3698;1008;5;M;0
393;1009;1;K;2,839184273
725;1009;2;K;4,664962532
1057;1009;3;K;6,833097767
1389;1009;4;K;3,854158673
1721;1009;5;K;3,221385878
2075;1009;1;M;0
2454;1009;2;M;0
2833;1009;3;M;2,613110984
3212;1009;4;M;0
3591;1009;5;M;1,000258073
322;1010;1;K;3,953817532
654;1010;2;K;8,102354208
986;1010;3;K;11,03560369
1318;1010;4;K;6,419732495
1650;1010;5;K;2,862217546
1991;1010;1;M;0
2370;1010;2;M;0
2749;1010;3;M;2,390685237
3128;1010;4;M;0
3507;1010;5;M;0
509;1011;1;K;2,89531575
841;1011;2;K;4,185888452
1173;1011;3;K;5,924529379
1505;1011;4;K;4,357391933
1837;1011;5;K;2,949148591
2209;1011;1;M;0
2588;1011;2;M;0
2967;1011;3;M;0
3346;1011;4;M;0
3725;1011;5;M;0
491;1012;1;K;6,543594137
823;1012;2;K;11,13362727
1155;1012;3;K;18,7249045
1487;1012;4;K;10,89737834
1819;1012;5;K;6,339479277
2189;1012;1;M;2,187102431
2568;1012;2;M;2,883189236
2947;1012;3;M;0
3326;1012;4;M;1,440805493
3705;1012;5;M;0
346;1013;1;K;2,051354827
678;1013;2;K;3,756097383
1010;1013;3;K;3,988778355
1342;1013;4;K;3,512908937
1674;1013;5;K;0
2022;1013;1;M;0
2401;1013;2;M;0
2780;1013;3;M;0
3159;1013;4;M;0
3538;1013;5;M;0
436;1014;1;K;6,451274731
768;1014;2;K;12,4113655
1100;1014;3;K;16,30907849
1432;1014;4;K;10,44648267
1764;1014;5;K;4,646056146
2124;1014;1;M;0
2503;1014;2;M;1,876027774
2882;1014;3;M;0
3261;1014;4;M;0
3640;1014;5;M;0,930005458
319;1015;1;K;1,845438566
651;1015;2;K;3,201393474
983;1015;3;K;5,066591232
1315;1015;4;K;2,633402806
1647;1015;5;K;1,807983422
1988;1015;1;M;0
2367;1015;2;M;0
2746;1015;3;M;0
3125;1015;4;M;0
3504;1015;5;M;1,006453511
432;1016;1;K;6,54226813
764;1016;2;K;13,63481359
1096;1016;3;K;16,50712971
1428;1016;4;K;12,2010272
1760;1016;5;K;7,334167488
2119;1016;1;M;0
2498;1016;2;M;0
2877;1016;3;M;2,372478249
3256;1016;4;M;1,142941107
3635;1016;5;M;0
508;1017;1;K;3,918201673
840;1017;2;K;8,56829561
1172;1017;3;K;11,76957806
1504;1017;4;K;6,95356902
1836;1017;5;K;4,763403738
2208;1017;1;M;0
2587;1017;2;M;0
2966;1017;3;M;1,857667908
3345;1017;4;M;0,769997059
3724;1017;5;M;0
400;1018;1;K;2,642244968
732;1018;2;K;4,183656519
1064;1018;3;K;4,037700454
1396;1018;4;K;3,698060208
1728;1018;5;K;0
2084;1018;1;M;0
2463;1018;2;M;0
2842;1018;3;M;0
3221;1018;4;M;0
3600;1018;5;M;0
538;1019;1;K;3,714419849
870;1019;2;K;6,864246638
1202;1019;3;K;11,62270168
1534;1019;4;K;7,867090591
1866;1019;5;K;6,83358642
2241;1019;1;M;0
2620;1019;2;M;0
2999;1019;3;M;0
3378;1019;4;M;0
3757;1019;5;M;0
499;1020;1;K;9,542520305
831;1020;2;K;16,96244514
1163;1020;3;K;26,17272211
1495;1020;4;K;16,57472547
1827;1020;5;K;9,358872176
2199;1020;1;M;0
2578;1020;2;M;2,990312381
2957;1020;3;M;3,291185304
3336;1020;4;M;1,612004751
3715;1020;5;M;0
391;1021;1;K;1,546405232
723;1021;2;K;2,67658789
1055;1021;3;K;3,57930273
1387;1021;4;K;2,4248694
1719;1021;5;K;0
2073;1021;1;M;0
2452;1021;2;M;0
2831;1021;3;M;0
3210;1021;4;M;0
3589;1021;5;M;0
565;1061;1;K;41,39629589
897;1061;2;K;98,27394672
1229;1061;3;K;152,4749096
1561;1061;4;K;105,6741432
1893;1061;5;K;69,78976186
2272;1061;1;M;0
2651;1061;2;M;15,81684037
3030;1061;3;M;16,00986774
3409;1061;4;M;6,472308472
3788;1061;5;M;6,088429533
544;1062;1;K;4,254698061
876;1062;2;K;8,048735822
1208;1062;3;K;15,43959666
1540;1062;4;K;10,60540906
1872;1062;5;K;5,671620913
2247;1062;1;M;0
2626;1062;2;M;0
3005;1062;3;M;0
3384;1062;4;M;0
3763;1062;5;M;0
483;1063;1;K;2,255408213
815;1063;2;K;6,568388736
1147;1063;3;K;9,440591469
1479;1063;4;K;6,09943878
1811;1063;5;K;2,795226822
2180;1063;1;M;0
2559;1063;2;M;0
2938;1063;3;M;1,378818813
3317;1063;4;M;0
3696;1063;5;M;0
305;1201;1;K;5,947148274
637;1201;2;K;9,630533918
969;1201;3;K;11,61396897
1301;1201;4;K;9,504138627
1633;1201;5;K;6,153969071
1972;1201;1;M;0
2351;1201;2;M;0
2730;1201;3;M;2,222771607
3109;1201;4;M;0
3488;1201;5;M;0
255;1202;1;K;5,092508896
587;1202;2;K;7,57246299
919;1202;3;K;10,76351444
1251;1202;4;K;6,338807625
1583;1202;5;K;4,213028165
1917;1202;1;M;0
2296;1202;2;M;0
2675;1202;3;M;0
3054;1202;4;M;0,987306553
3433;1202;5;M;0
442;1203;1;K;5,689124756
774;1203;2;K;15,32531949
1106;1203;3;K;19,55669408
1438;1203;4;K;15,8145611
1770;1203;5;K;7,59774854
2132;1203;1;M;0
2511;1203;2;M;0
2890;1203;3;M;2,271460177
3269;1203;4;M;1,381270519
3648;1203;5;M;0
247;1204;1;K;3,36992401
579;1204;2;K;3,880263309
911;1204;3;K;6,432296061
1243;1204;4;K;3,68147602
1575;1204;5;K;3,508875147
1908;1204;1;M;0
2287;1204;2;M;0
2666;1204;3;M;0
3045;1204;4;M;0
3424;1204;5;M;0
266;1205;1;K;5,954394835
598;1205;2;K;11,78523219
930;1205;3;K;12,46982328
1262;1205;4;K;8,595001927
1594;1205;5;K;5,974443947
1930;1205;1;M;0
2309;1205;2;M;0
2688;1205;3;M;0
3067;1205;4;M;1,030206475
3446;1205;5;M;0
334;1206;1;K;14,83004138
666;1206;2;K;32,28695144
998;1206;3;K;40,02361727
1330;1206;4;K;22,01301024
1662;1206;5;K;14,16981989
2008;1206;1;M;0
2387;1206;2;M;4,24932956
2766;1206;3;M;4,327620153
3145;1206;4;M;0
3524;1206;5;M;0
239;1207;1;K;5,104574266
571;1207;2;K;9,273592407
903;1207;3;K;15,31422363
1235;1207;4;K;9,267399512
1567;1207;5;K;4,320381592
1899;1207;1;M;0
2278;1207;2;M;0
2657;1207;3;M;0
3036;1207;4;M;1,229732442
3415;1207;5;M;0
482;1208;1;K;2,732795998
814;1208;2;K;3,980030117
1146;1208;3;K;6,173254892
1478;1208;4;K;3,957319907
1810;1208;5;K;3,056628687
2176;1208;1;M;0
2555;1208;2;M;0
2934;1208;3;M;0
3313;1208;4;M;0,635737609
3692;1208;5;M;0
270;1209;1;K;7,860443195
602;1209;2;K;11,69243631
934;1209;3;K;14,55385662
1266;1209;4;K;8,842353258
1598;1209;5;K;7,24280422
1935;1209;1;M;0
2314;1209;2;M;0
2693;1209;3;M;0
3072;1209;4;M;0
3451;1209;5;M;0
244;1210;1;K;9,126635425
576;1210;2;K;15,40399761
908;1210;3;K;17,89062766
1240;1210;4;K;14,53322248
1572;1210;5;K;8,851152059
1904;1210;1;M;0
2283;1210;2;M;0
2662;1210;3;M;4,538609332
3041;1210;4;M;0
3420;1210;5;M;0
253;1211;1;K;8,86416347
585;1211;2;K;16,18078915
917;1211;3;K;20,0980838
1249;1211;4;K;13,17042351
1581;1211;5;K;7,990129592
1915;1211;1;M;0
2294;1211;2;M;0
2673;1211;3;M;0
3052;1211;4;M;0
3431;1211;5;M;0
459;1212;1;K;6,272523099
791;1212;2;K;12,19962839
1123;1212;3;K;17,04932679
1455;1212;4;K;8,525207879
1787;1212;5;K;5,993275429
2152;1212;1;M;0
2531;1212;2;M;0
2910;1212;3;M;0
3289;1212;4;M;0
3668;1212;5;M;0
416;1213;1;K;8,579406444
748;1213;2;K;17,38420852
1080;1213;3;K;24,83942504
1412;1213;4;K;15,41031598
1744;1213;5;K;8,15856216
2102;1213;1;M;0
2481;1213;2;M;0
2860;1213;3;M;3,450362644
3239;1213;4;M;4,963849036
3618;1213;5;M;1,574793247
257;1214;1;K;2,848841765
589;1214;2;K;3,940629427
921;1214;3;K;3,338753178
1253;1214;4;K;3,582171652
1585;1214;5;K;2,780489281
1919;1214;1;M;0
2298;1214;2;M;0
2677;1214;3;M;0
3056;1214;4;M;0
3435;1214;5;M;0
342;1215;1;K;4,242323231
674;1215;2;K;7,218222591
1006;1215;3;K;10,36185539
1338;1215;4;K;5,995717814
1670;1215;5;K;5,732280727
2018;1215;1;M;0
2397;1215;2;M;0
2776;1215;3;M;0
3155;1215;4;M;0,873389616
3534;1215;5;M;0
249;1216;1;K;9,166541589
581;1216;2;K;16,97078138
913;1216;3;K;20,66011796
1245;1216;4;K;14,34954577
1577;1216;5;K;9,508982437
1910;1216;1;M;3,342255671
2289;1216;2;M;0
2668;1216;3;M;0
3047;1216;4;M;0
3426;1216;5;M;0
276;1217;1;K;3,360002531
608;1217;2;K;3,976085031
940;1217;3;K;8,458510973
1272;1217;4;K;4,477056254
1604;1217;5;K;3,397455726
1943;1217;1;M;0
2322;1217;2;M;0
2701;1217;3;M;0
3080;1217;4;M;0,980322885
3459;1217;5;M;0
279;1218;1;K;6,988851099
611;1218;2;K;14,32239662
943;1218;3;K;19,08820523
1275;1218;4;K;12,08412185
1607;1218;5;K;8,221916612
1946;1218;1;M;0
2325;1218;2;M;2,657836367
2704;1218;3;M;3,267255581
3083;1218;4;M;3,416743913
3462;1218;5;M;1,48791697
320;1219;1;K;5,843683
652;1219;2;K;11,94570054
984;1219;3;K;13,96812891
1316;1219;4;K;8,277171183
1648;1219;5;K;6,030158987
1989;1219;1;M;0
2368;1219;2;M;0
2747;1219;3;M;0
3126;1219;4;M;1,369996296
3505;1219;5;M;0
550;1261;1;K;52,0190915
882;1261;2;K;109,6005775
1214;1261;3;K;148,9145014
1546;1261;4;K;99,0961137
1878;1261;5;K;68,08313839
2253;1261;1;M;0
2632;1261;2;M;20,90329654
3011;1261;3;M;20,73455487
3390;1261;4;M;13,12868557
3769;1261;5;M;0
421;1262;1;K;3,769025689
753;1262;2;K;12,50782402
1085;1262;3;K;10,87901141
1417;1262;4;K;7,041480515
1749;1262;5;K;4,345272215
2107;1262;1;M;0
2486;1262;2;M;0
2865;1262;3;M;0
3244;1262;4;M;0
3623;1262;5;M;0
547;1263;1;K;7,127643621
879;1263;2;K;13,61072991
1211;1263;3;K;23,36377974
1543;1263;4;K;17,59304871
1875;1263;5;K;7,683799307
2250;1263;1;M;0
2629;1263;2;M;0
3008;1263;3;M;0
3387;1263;4;M;2,149658209
3766;1263;5;M;1,964574953
261;1401;1;K;1,415130038
593;1401;2;K;2,471056463
925;1401;3;K;4,574180164
1257;1401;4;K;2,016609413
1589;1401;5;K;1,092959338
1923;1401;1;M;0
2302;1401;2;M;0
2681;1401;3;M;0
3060;1401;4;M;0
3439;1401;5;M;0
387;1402;1;K;4,853247492
719;1402;2;K;9,561876752
1051;1402;3;K;10,76579066
1383;1402;4;K;6,285763351
1715;1402;5;K;4,667889091
2069;1402;1;M;0
2448;1402;2;M;0
2827;1402;3;M;1,36821892
3206;1402;4;M;2,251524217
3585;1402;5;M;0
278;1403;1;K;5,54694677
610;1403;2;K;10,96619726
942;1403;3;K;12,3029582
1274;1403;4;K;8,259144419
1606;1403;5;K;4,06735553
1945;1403;1;M;0
2324;1403;2;M;0
2703;1403;3;M;0
3082;1403;4;M;0,979144084
3461;1403;5;M;0
372;1404;1;K;2,57288062
704;1404;2;K;0
1036;1404;3;K;5,795640571
1368;1404;4;K;3,558307425
1700;1404;5;K;2,464151079
2053;1404;1;M;0
2432;1404;2;M;0
2811;1404;3;M;0
3190;1404;4;M;0
3569;1404;5;M;0
40;1405;1;K;5,323412279
87;1405;2;K;9,556200569
134;1405;3;K;14,16771248
181;1405;4;K;9,166943001
228;1405;5;K;6,18690374
2192;1405;1;M;0
2571;1405;2;M;0
2950;1405;3;M;0
3329;1405;4;M;0
3708;1405;5;M;1,268422158
456;1406;1;K;5,392643782
788;1406;2;K;8,81790291
1120;1406;3;K;14,0603336
1452;1406;4;K;7,194521947
1784;1406;5;K;5,013442023
2149;1406;1;M;0
2528;1406;2;M;1,320368823
2907;1406;3;M;0
3286;1406;4;M;0
3665;1406;5;M;0
402;1407;1;K;3,540286897
734;1407;2;K;5,086077978
1066;1407;3;K;9,899713458
1398;1407;4;K;4,842117988
1730;1407;5;K;2,61784924
2087;1407;1;M;0
2466;1407;2;M;0
2845;1407;3;M;0
3224;1407;4;M;0
3603;1407;5;M;0
409;1408;1;K;6,486659889
741;1408;2;K;12,84059665
1073;1408;3;K;19,37538445
1405;1408;4;K;10,52938099
1737;1408;5;K;11,19581951
2094;1408;1;M;0
2473;1408;2;M;0
2852;1408;3;M;0
3231;1408;4;M;0,934657901
3610;1408;5;M;0
252;1409;1;K;1,998619282
584;1409;2;K;2,569522489
916;1409;3;K;3,483931148
1248;1409;4;K;2,522178179
1580;1409;5;K;1,571700148
1914;1409;1;M;0
2293;1409;2;M;0
2672;1409;3;M;0
3051;1409;4;M;0
3430;1409;5;M;0
12;1410;1;K;1,988706395
59;1410;2;K;3,306203369
106;1410;3;K;4,811033615
153;1410;4;K;0
200;1410;5;K;1,804571301
1995;1410;1;M;0
2374;1410;2;M;0
2753;1410;3;M;0
3132;1410;4;M;0
3511;1410;5;M;0
13;1411;1;K;2,386522882
60;1411;2;K;4,836007527
107;1411;3;K;6,317426766
154;1411;4;K;3,891634844
201;1411;5;K;2,99513367
2000;1411;1;M;0
2379;1411;2;M;0
2758;1411;3;M;0
3137;1411;4;M;0
3516;1411;5;M;0
383;1412;1;K;8,356394068
715;1412;2;K;16,39437899
1047;1412;3;K;20,14695322
1379;1412;4;K;12,48714037
1711;1412;5;K;6,997170314
2065;1412;1;M;0
2444;1412;2;M;0
2823;1412;3;M;0
3202;1412;4;M;0
3581;1412;5;M;0
469;1413;1;K;3,354520667
801;1413;2;K;6,16604608
1133;1413;3;K;9,910329686
1465;1413;4;K;4,768243156
1797;1413;5;K;3,104471916
2162;1413;1;M;0
2541;1413;2;M;0
2920;1413;3;M;0
3299;1413;4;M;0
3678;1413;5;M;0
441;1414;1;K;4,60820566
773;1414;2;K;6,960446413
1105;1414;3;K;12,10760018
1437;1414;4;K;7,595946748
1769;1414;5;K;4,227993967
2130;1414;1;M;0
2509;1414;2;M;0
2888;1414;3;M;0
3267;1414;4;M;0
3646;1414;5;M;0,885053464
238;1415;1;K;3,819420849
570;1415;2;K;6,554873765
902;1415;3;K;6,487873303
1234;1415;4;K;5,791886972
1566;1415;5;K;3,700737604
1898;1415;1;M;0
2277;1415;2;M;0
2656;1415;3;M;0
3035;1415;4;M;0
3414;1415;5;M;0
274;1416;1;K;3,794091562
606;1416;2;K;7,100458192
938;1416;3;K;9,360281508
1270;1416;4;K;4,904814287
1602;1416;5;K;2,569970318
1941;1416;1;M;0
2320;1416;2;M;0
2699;1416;3;M;0
3078;1416;4;M;0,872526577
3457;1416;5;M;0
443;1417;1;K;5,894015364
775;1417;2;K;11,55245578
1107;1417;3;K;17,82574212
1439;1417;4;K;12,37431446
1771;1417;5;K;8,311967707
2133;1417;1;M;0
2512;1417;2;M;0
2891;1417;3;M;0
3270;1417;4;M;0
3649;1417;5;M;0
382;1418;1;K;11,16395297
714;1418;2;K;20,60031534
1046;1418;3;K;25,88016884
1378;1418;4;K;14,29143405
1710;1418;5;K;8,424823788
2064;1418;1;M;0
2443;1418;2;M;2,439694102
2822;1418;3;M;0
3201;1418;4;M;0
3580;1418;5;M;0
20;1419;1;K;5,18747174
67;1419;2;K;11,04624764
114;1419;3;K;16,47035811
161;1419;4;K;9,805101517
208;1419;5;K;6,504323507
2038;1419;1;M;0
2417;1419;2;M;0
2796;1419;3;M;0
3175;1419;4;M;0
3554;1419;5;M;1,477942889
430;1420;1;K;5,016884169
762;1420;2;K;9,45177997
1094;1420;3;K;13,85786923
1426;1420;4;K;7,674019971
1758;1420;5;K;4,717002209
2117;1420;1;M;0
2496;1420;2;M;0
2875;1420;3;M;0
3254;1420;4;M;0
3633;1420;5;M;0
496;1421;1;K;8,455255747
828;1421;2;K;20,19770986
1160;1421;3;K;30,90402385
1492;1421;4;K;18,58341268
1824;1421;5;K;10,78872498
2196;1421;1;M;0
2575;1421;2;M;0
2954;1421;3;M;2,790505481
3333;1421;4;M;1,402445309
3712;1421;5;M;0
26;1422;1;K;2,301028396
73;1422;2;K;5,032409317
120;1422;3;K;8,011933845
167;1422;4;K;5,076050922
214;1422;5;K;2,588735746
2096;1422;1;M;0
2475;1422;2;M;0
2854;1422;3;M;0
3233;1422;4;M;0
3612;1422;5;M;0
9;1423;1;K;1,895989411
56;1423;2;K;3,848899829
103;1423;3;K;6,111727821
150;1423;4;K;3,671152801
197;1423;5;K;2,131182778
1975;1423;1;M;0
2354;1423;2;M;0
2733;1423;3;M;0
3112;1423;4;M;0
3491;1423;5;M;0
21;1424;1;K;2,256650156
68;1424;2;K;6,009182309
115;1424;3;K;7,602576163
162;1424;4;K;4,28174041
209;1424;5;K;2,538340853
2046;1424;1;M;0
2425;1424;2;M;0
2804;1424;3;M;0
3183;1424;4;M;0
3562;1424;5;M;0
258;1425;1;K;7,683939197
590;1425;2;K;11,38920259
922;1425;3;K;18,34418809
1254;1425;4;K;10,26965055
1586;1425;5;K;8,36888858
1920;1425;1;M;0
2299;1425;2;M;0
2678;1425;3;M;0
3057;1425;4;M;1,368119131
3436;1425;5;M;1,637804543
263;1426;1;K;0
595;1426;2;K;6,193385863
927;1426;3;K;8,767094844
1259;1426;4;K;5,197866354
1591;1426;5;K;2,710457936
1925;1426;1;M;0
2304;1426;2;M;0
2683;1426;3;M;0
3062;1426;4;M;0
3441;1426;5;M;0
466;1427;1;K;2,35675585
798;1427;2;K;5,242943311
1130;1427;3;K;7,978224385
1462;1427;4;K;4,102495241
1794;1427;5;K;1,902243252
2159;1427;1;M;0
2538;1427;2;M;0
2917;1427;3;M;0
3296;1427;4;M;0
3675;1427;5;M;0
521;1428;1;K;5,210034015
853;1428;2;K;8,902831946
1185;1428;3;K;14,18856445
1517;1428;4;K;6,473134084
1849;1428;5;K;4,700136205
2222;1428;1;M;0
2601;1428;2;M;0
2980;1428;3;M;0
3359;1428;4;M;0
3738;1428;5;M;0
11;1429;1;K;2,401404552
58;1429;2;K;5,41460556
105;1429;3;K;8,131034727
152;1429;4;K;5,254537971
199;1429;5;K;3,420869978
1993;1429;1;M;0
2372;1429;2;M;2,196361459
2751;1429;3;M;0
3130;1429;4;M;0
3509;1429;5;M;0
353;1430;1;K;2,781693115
685;1430;2;K;3,500652909
1017;1430;3;K;5,663767902
1349;1430;4;K;3,045235637
1681;1430;5;K;1,911307788
2031;1430;1;M;1,258816438
2410;1430;2;M;0
2789;1430;3;M;1,689710828
3168;1430;4;M;0
3547;1430;5;M;1,133653482
35;1432;1;K;6,574269282
82;1432;2;K;11,72891429
129;1432;3;K;17,86388966
176;1432;4;K;10,43913123
223;1432;5;K;6,129471736
2177;1432;1;M;0
2556;1432;2;M;0
2935;1432;3;M;2,143700453
3314;1432;4;M;1,343454113
3693;1432;5;M;0
330;1433;1;K;2,932373593
662;1433;2;K;4,712310953
994;1433;3;K;7,092071208
1326;1433;4;K;4,382283697
1658;1433;5;K;2,82299186
2003;1433;1;M;0
2382;1433;2;M;0
2761;1433;3;M;0
3140;1433;4;M;0
3519;1433;5;M;1,757002232
327;1434;1;K;12,98475908
659;1434;2;K;23,55982294
991;1434;3;K;30,94736799
1323;1434;4;K;17,76351676
1655;1434;5;K;11,96463591
1999;1434;1;M;0
2378;1434;2;M;0
2757;1434;3;M;0
3136;1434;4;M;0
3515;1434;5;M;2,135038791
304;1435;1;K;3,886563235
636;1435;2;K;6,653370648
968;1435;3;K;10,33064113
1300;1435;4;K;5,464533615
1632;1435;5;K;3,13418411
1971;1435;1;M;0
2350;1435;2;M;0
2729;1435;3;M;0
3108;1435;4;M;0
3487;1435;5;M;0
298;1436;1;K;1,603693396
630;1436;2;K;2,386443575
962;1436;3;K;3,629952752
1294;1436;4;K;2,473695338
1626;1436;5;K;1,601495749
1965;1436;1;M;0
2344;1436;2;M;0
2723;1436;3;M;0
3102;1436;4;M;0
3481;1436;5;M;0
307;1437;1;K;1,878180761
639;1437;2;K;3,525731835
971;1437;3;K;4,552010926
1303;1437;4;K;2,841330499
1635;1437;5;K;0
1976;1437;1;M;0
2355;1437;2;M;0
2734;1437;3;M;0
3113;1437;4;M;0
3492;1437;5;M;0
377;1438;1;K;0
709;1438;2;K;8,342214647
1041;1438;3;K;12,31324608
1373;1438;4;K;5,896649319
1705;1438;5;K;4,281830424
2058;1438;1;M;0
2437;1438;2;M;1,100471265
2816;1438;3;M;0
3195;1438;4;M;0
3574;1438;5;M;0
376;1461;1;K;0
708;1461;2;K;0
1040;1461;3;K;0
1372;1461;4;K;0
1704;1461;5;K;0
2057;1461;1;M;0
2436;1461;2;M;0
2815;1461;3;M;0
3194;1461;4;M;0
3573;1461;5;M;0
561;1462;1;K;9,567573291
893;1462;2;K;16,59087819
1225;1462;3;K;26,93551853
1557;1462;4;K;16,284894
1889;1462;5;K;8,236356722
2267;1462;1;M;0
2646;1462;2;M;0
3025;1462;3;M;3,400537341
3404;1462;4;M;2,158590012
3783;1462;5;M;0
506;1463;1;K;12,70072658
838;1463;2;K;28,08038722
1170;1463;3;K;42,42537372
1502;1463;4;K;27,44856341
1834;1463;5;K;20,95103229
2206;1463;1;M;0
2585;1463;2;M;0
2964;1463;3;M;4,665924857
3343;1463;4;M;0
3722;1463;5;M;2,563983635
489;1464;1;K;5,284567607
821;1464;2;K;10,25689914
1153;1464;3;K;13,28250863
1485;1464;4;K;10,15161099
1817;1464;5;K;4,488030187
2186;1464;1;M;0
2565;1464;2;M;0
2944;1464;3;M;1,762002638
3323;1464;4;M;1,203218492
3702;1464;5;M;0
560;1465;1;K;106,2057074
892;1465;2;K;226,1633297
1224;1465;3;K;347,0010195
1556;1465;4;K;238,4855529
1888;1465;5;K;185,9212175
2265;1465;1;M;0
2644;1465;2;M;36,49088824
3023;1465;3;M;36,96554046
3402;1465;4;M;19,00209097
3781;1465;5;M;18,05813682
345;1601;1;K;4,936526137
677;1601;2;K;9,733895648
1009;1601;3;K;12,27420461
1341;1601;4;K;7,711191682
1673;1601;5;K;5,033104167
2021;1601;1;M;0
2400;1601;2;M;0
2779;1601;3;M;0
3158;1601;4;M;0
3537;1601;5;M;0
14;1602;1;K;2,427115144
61;1602;2;K;4,773076622
108;1602;3;K;7,629334771
155;1602;4;K;3,963218968
202;1602;5;K;3,426529339
2005;1602;1;M;0
2384;1602;2;M;0
2763;1602;3;M;0
3142;1602;4;M;0
3521;1602;5;M;0
515;1603;1;K;5,302664397
847;1603;2;K;11,88637416
1179;1603;3;K;15,53069589
1511;1603;4;K;10,80871857
1843;1603;5;K;5,931615478
2215;1603;1;M;0
2594;1603;2;M;0
2973;1603;3;M;0
3352;1603;4;M;0
3731;1603;5;M;0
403;1604;1;K;0
735;1604;2;K;7,299325086
1067;1604;3;K;9,248063097
1399;1604;4;K;5,467260886
1731;1604;5;K;3,537778681
2088;1604;1;M;0
2467;1604;2;M;0
2846;1604;3;M;0
3225;1604;4;M;1,841706676
3604;1604;5;M;1,608451509
405;1605;1;K;0
737;1605;2;K;7,836828735
1069;1605;3;K;9,71442712
1401;1605;4;K;5,90678366
1733;1605;5;K;4,072750197
2090;1605;1;M;0
2469;1605;2;M;0
2848;1605;3;M;0
3227;1605;4;M;0,703133862
3606;1605;5;M;0
23;1606;1;K;2,075014835
70;1606;2;K;4,053031015
117;1606;3;K;6,707039494
164;1606;4;K;3,881366034
211;1606;5;K;2,497129467
2079;1606;1;M;0
2458;1606;2;M;0
2837;1606;3;M;0
3216;1606;4;M;0
3595;1606;5;M;0
340;1607;1;K;7,743619344
672;1607;2;K;13,26247745
1004;1607;3;K;18,57427046
1336;1607;4;K;10,58097208
1668;1607;5;K;6,507691292
2016;1607;1;M;0
2395;1607;2;M;0
2774;1607;3;M;0
3153;1607;4;M;0
3532;1607;5;M;0
301;1608;1;K;2,786974803
633;1608;2;K;5,147583967
965;1608;3;K;8,649745454
1297;1608;4;K;4,94785675
1629;1608;5;K;3,3281321
1968;1608;1;M;0
2347;1608;2;M;0
2726;1608;3;M;0
3105;1608;4;M;0
3484;1608;5;M;0
300;1609;1;K;7,391812706
632;1609;2;K;12,94057999
964;1609;3;K;16,48712856
1296;1609;4;K;10,62927813
1628;1609;5;K;7,515868372
1967;1609;1;M;0
2346;1609;2;M;0
2725;1609;3;M;0
3104;1609;4;M;0
3483;1609;5;M;0
449;1610;1;K;3,545956272
781;1610;2;K;5,276443745
1113;1610;3;K;8,055087843
1445;1610;4;K;4,606079171
1777;1610;5;K;2,81479353
2142;1610;1;M;0
2521;1610;2;M;0
2900;1610;3;M;1,163771063
3279;1610;4;M;0
3658;1610;5;M;0
15;1611;1;K;3,627794402
62;1611;2;K;7,366444593
109;1611;3;K;11,23201508
156;1611;4;K;6,667720346
203;1611;5;K;4,41018616
2011;1611;1;M;0
2390;1611;2;M;0
2769;1611;3;M;0
3148;1611;4;M;0
3527;1611;5;M;0
495;1661;1;K;5,575361364
827;1661;2;K;13,34679202
1159;1661;3;K;24,39042245
1491;1661;4;K;15,63195436
1823;1661;5;K;10,04553237
2195;1661;1;M;0
2574;1661;2;M;0
2953;1661;3;M;0
3332;1661;4;M;0
3711;1661;5;M;1,390350233
291;1801;1;K;1,409511957
623;1801;2;K;1,935680855
955;1801;3;K;2,520865517
1287;1801;4;K;1,628697996
1619;1801;5;K;0
1958;1801;1;M;0
2337;1801;2;M;0
2716;1801;3;M;0
3095;1801;4;M;0
3474;1801;5;M;0
303;1802;1;K;3,795156921
635;1802;2;K;6,506101652
967;1802;3;K;8,450209021
1299;1802;4;K;4,849588676
1631;1802;5;K;3,914506355
1970;1802;1;M;0
2349;1802;2;M;5,118791517
2728;1802;3;M;0
3107;1802;4;M;0
3486;1802;5;M;0
265;1803;1;K;6,996246234
597;1803;2;K;10,26771776
929;1803;3;K;14,68113499
1261;1803;4;K;11,10682519
1593;1803;5;K;6,862324813
1928;1803;1;M;0
2307;1803;2;M;0
2686;1803;3;M;1,772539592
3065;1803;4;M;1,104910328
3444;1803;5;M;0
271;1804;1;K;5,331705655
603;1804;2;K;9,121407327
935;1804;3;K;14,86148219
1267;1804;4;K;9,38586999
1599;1804;5;K;6,041130676
1936;1804;1;M;0
2315;1804;2;M;0
2694;1804;3;M;1,86195777
3073;1804;4;M;0,975343398
3452;1804;5;M;0
361;1805;1;K;5,482894062
693;1805;2;K;12,16307864
1025;1805;3;K;15,53233242
1357;1805;4;K;9,330802751
1689;1805;5;K;5,590176765
2041;1805;1;M;0
2420;1805;2;M;1,658431076
2799;1805;3;M;0
3178;1805;4;M;0
3557;1805;5;M;0
236;1806;1;K;2,892210905
568;1806;2;K;4,283226646
900;1806;3;K;6,656400152
1232;1806;4;K;3,951099707
1564;1806;5;K;1,957679733
1896;1806;1;M;0
2275;1806;2;M;0
2654;1806;3;M;0
3033;1806;4;M;0
3412;1806;5;M;0
365;1807;1;K;6,015959323
697;1807;2;K;9,611058714
1029;1807;3;K;13,50296053
1361;1807;4;K;7,90490643
1693;1807;5;K;5,383646777
2045;1807;1;M;0
2424;1807;2;M;0
2803;1807;3;M;0
3182;1807;4;M;0
3561;1807;5;M;1,000611951
285;1808;1;K;3,445488182
617;1808;2;K;7,07245161
949;1808;3;K;7,778825625
1281;1808;4;K;5,284406963
1613;1808;5;K;3,724444904
1952;1808;1;M;0
2331;1808;2;M;0
2710;1808;3;M;0
3089;1808;4;M;0,985977132
3468;1808;5;M;0
317;1809;1;K;2,512000761
649;1809;2;K;4,768558986
981;1809;3;K;6,030259226
1313;1809;4;K;3,534941606
1645;1809;5;K;0
1986;1809;1;M;0
2365;1809;2;M;0
2744;1809;3;M;0
3123;1809;4;M;0
3502;1809;5;M;0
299;1810;1;K;4,268394998
631;1810;2;K;8,008608572
963;1810;3;K;7,52229575
1295;1810;4;K;6,410976345
1627;1810;5;K;4,141654479
1966;1810;1;M;0
2345;1810;2;M;0
2724;1810;3;M;1,291589112
3103;1810;4;M;0
3482;1810;5;M;1,604286597
268;1811;1;K;7,000563867
600;1811;2;K;11,85338853
932;1811;3;K;18,14626743
1264;1811;4;K;10,09075688
1596;1811;5;K;7,439000339
1933;1811;1;M;0
2312;1811;2;M;0
2691;1811;3;M;2,088806634
3070;1811;4;M;0
3449;1811;5;M;0
250;1812;1;K;0
582;1812;2;K;5,825151483
914;1812;3;K;7,762617382
1246;1812;4;K;4,744361406
1578;1812;5;K;3,118581004
1911;1812;1;M;0
2290;1812;2;M;0
2669;1812;3;M;1,007081184
3048;1812;4;M;0,749891117
3427;1812;5;M;0
251;1813;1;K;4,045660313
583;1813;2;K;4,589376518
915;1813;3;K;8,500713051
1247;1813;4;K;5,193646902
1579;1813;5;K;3,864644372
1913;1813;1;M;0
2292;1813;2;M;0
2671;1813;3;M;0
3050;1813;4;M;1,665844552
3429;1813;5;M;0
332;1814;1;K;3,692825576
664;1814;2;K;6,765079261
996;1814;3;K;5,705709511
1328;1814;4;K;5,871243665
1660;1814;5;K;3,665946377
2006;1814;1;M;0
2385;1814;2;M;0
2764;1814;3;M;1,909540645
3143;1814;4;M;1,329151049
3522;1814;5;M;1,419249339
241;1815;1;K;3,583883681
573;1815;2;K;6,611150102
905;1815;3;K;7,550649002
1237;1815;4;K;5,334640503
1569;1815;5;K;2,483514611
1901;1815;1;M;0
2280;1815;2;M;1,326918906
2659;1815;3;M;0
3038;1815;4;M;0
3417;1815;5;M;0
243;1816;1;K;8,565571834
575;1816;2;K;13,3580985
907;1816;3;K;16,62051252
1239;1816;4;K;11,78386968
1571;1816;5;K;8,109290475
1903;1816;1;M;0
2282;1816;2;M;0
2661;1816;3;M;6,119550812
3040;1816;4;M;1,271082195
3419;1816;5;M;0
269;1817;1;K;3,558089365
601;1817;2;K;6,941654219
933;1817;3;K;10,48410941
1265;1817;4;K;6,923744783
1597;1817;5;K;4,739460436
1934;1817;1;M;0
2313;1817;2;M;0
2692;1817;3;M;1,60723127
3071;1817;4;M;1,668511354
3450;1817;5;M;0
410;1818;1;K;5,619538843
742;1818;2;K;9,77021746
1074;1818;3;K;16,72480819
1406;1818;4;K;8,285916041
1738;1818;5;K;6,307591287
2095;1818;1;M;0
2474;1818;2;M;0
2853;1818;3;M;0
3232;1818;4;M;0
3611;1818;5;M;0
246;1819;1;K;2,697153103
578;1819;2;K;4,646413012
910;1819;3;K;5,004003886
1242;1819;4;K;3,861997041
1574;1819;5;K;2,430076661
1906;1819;1;M;0
2285;1819;2;M;0
2664;1819;3;M;0
3043;1819;4;M;0
3422;1819;5;M;0
3;1820;1;K;2,539374822
50;1820;2;K;5,320398436
97;1820;3;K;8,522641605
144;1820;4;K;4,454579471
191;1820;5;K;2,654841743
1926;1820;1;M;0
2305;1820;2;M;0
2684;1820;3;M;1,047766008
3063;1820;4;M;0,651788265
3442;1820;5;M;0,940949224
30;1821;1;K;0
77;1821;2;K;2,359308227
124;1821;3;K;4,040049728
171;1821;4;K;0
218;1821;5;K;1,391465199
2131;1821;1;M;0
2510;1821;2;M;0
2889;1821;3;M;0
3268;1821;4;M;0
3647;1821;5;M;0
386;1861;1;K;2,252010819
718;1861;2;K;4,819266747
1050;1861;3;K;6,110401318
1382;1861;4;K;6,387803344
1714;1861;5;K;3,346528288
2068;1861;1;M;0
2447;1861;2;M;0
2826;1861;3;M;0
3205;1861;4;M;0
3584;1861;5;M;0
536;1862;1;K;3,825523506
868;1862;2;K;7,04228476
1200;1862;3;K;11,64349922
1532;1862;4;K;11,18933123
1864;1862;5;K;5,178937352
2239;1862;1;M;0
2618;1862;2;M;0
2997;1862;3;M;0
3376;1862;4;M;1,497968312
3755;1862;5;M;0
417;1863;1;K;10,77928881
749;1863;2;K;23,90347233
1081;1863;3;K;36,13553266
1413;1863;4;K;21,32945166
1745;1863;5;K;10,95895627
2103;1863;1;M;0
2482;1863;2;M;3,940046459
2861;1863;3;M;0
3240;1863;4;M;2,018726523
3619;1863;5;M;2,220666416
408;1864;1;K;2,585707005
740;1864;2;K;5,365110434
1072;1864;3;K;9,613898034
1404;1864;4;K;6,1485362
1736;1864;5;K;2,75817548
2093;1864;1;M;0
2472;1864;2;M;0
2851;1864;3;M;0
3230;1864;4;M;0
3609;1864;5;M;0
364;2001;1;K;3,847651715
696;2001;2;K;4,652585695
1028;2001;3;K;5,496489114
1360;2001;4;K;4,55479992
1692;2001;5;K;4,562604984
2044;2001;1;M;0
2423;2001;2;M;0
2802;2001;3;M;0
3181;2001;4;M;1,362325993
3560;2001;5;M;1,492114672
290;2002;1;K;7,438306237
622;2002;2;K;12,14737685
954;2002;3;K;15,75968768
1286;2002;4;K;9,507722014
1618;2002;5;K;6,524544693
1957;2002;1;M;0
2336;2002;2;M;0
2715;2002;3;M;3,256349146
3094;2002;4;M;0
3473;2002;5;M;0
339;2003;1;K;3,095424067
671;2003;2;K;4,493934642
1003;2003;3;K;6,93390215
1335;2003;4;K;4,368191007
1667;2003;5;K;3,033525855
2015;2003;1;M;0
2394;2003;2;M;0
2773;2003;3;M;0
3152;2003;4;M;1,051910599
3531;2003;5;M;0
324;2004;1;K;2,576927416
656;2004;2;K;5,169395944
988;2004;3;K;6,424035044
1320;2004;4;K;3,36504531
1652;2004;5;K;0
1996;2004;1;M;0
2375;2004;2;M;0
2754;2004;3;M;0
3133;2004;4;M;0
3512;2004;5;M;0
447;2005;1;K;3,9832731
779;2005;2;K;5,057189545
1111;2005;3;K;6,508753896
1443;2005;4;K;4,791335911
1775;2005;5;K;2,71546608
2140;2005;1;M;0
2519;2005;2;M;0
2898;2005;3;M;0
3277;2005;4;M;0
3656;2005;5;M;0
245;2006;1;K;2,215022042
577;2006;2;K;3,175139315
909;2006;3;K;4,513581477
1241;2006;4;K;2,462232322
1573;2006;5;K;2,103010694
1905;2006;1;M;0
2284;2006;2;M;0
2663;2006;3;M;0
3042;2006;4;M;0
3421;2006;5;M;0
240;2007;1;K;2,731275629
572;2007;2;K;4,477633699
904;2007;3;K;4,334887998
1236;2007;4;K;2,798801857
1568;2007;5;K;2,087099334
1900;2007;1;M;0
2279;2007;2;M;0
2658;2007;3;M;0
3037;2007;4;M;0
3416;2007;5;M;1,283978627
288;2008;1;K;0
620;2008;2;K;4,035818808
952;2008;3;K;4,585462891
1284;2008;4;K;2,982068275
1616;2008;5;K;2,29925003
1955;2008;1;M;0
2334;2008;2;M;0
2713;2008;3;M;0
3092;2008;4;M;0
3471;2008;5;M;0
407;2009;1;K;0
739;2009;2;K;2,023310384
1071;2009;3;K;2,443188484
1403;2009;4;K;1,878484112
1735;2009;5;K;0
2092;2009;1;M;0
2471;2009;2;M;0
2850;2009;3;M;0
3229;2009;4;M;0
3608;2009;5;M;0
321;2010;1;K;2,680116318
653;2010;2;K;4,332075628
985;2010;3;K;3,991092443
1317;2010;4;K;2,66557666
1649;2010;5;K;0
1990;2010;1;M;0
2369;2010;2;M;0
2748;2010;3;M;0
3127;2010;4;M;0
3506;2010;5;M;0
302;2011;1;K;4,367003555
634;2011;2;K;5,835409158
966;2011;3;K;8,505618411
1298;2011;4;K;5,484061889
1630;2011;5;K;3,27262167
1969;2011;1;M;0
2348;2011;2;M;0
2727;2011;3;M;0
3106;2011;4;M;0
3485;2011;5;M;1,904130333
237;2012;1;K;2,379311409
569;2012;2;K;3,21525167
901;2012;3;K;3,192904521
1233;2012;4;K;2,812330595
1565;2012;5;K;1,845407739
1897;2012;1;M;0
2276;2012;2;M;0
2655;2012;3;M;0
3034;2012;4;M;0
3413;2012;5;M;0
259;2013;1;K;3,067080801
591;2013;2;K;4,595461266
923;2013;3;K;3,74120055
1255;2013;4;K;4,096819921
1587;2013;5;K;1,934197938
1921;2013;1;M;0
2300;2013;2;M;0
2679;2013;3;M;0
3058;2013;4;M;1,007149615
3437;2013;5;M;0
277;2014;1;K;2,470204175
609;2014;2;K;3,790120607
941;2014;3;K;4,741346018
1273;2014;4;K;3,639603727
1605;2014;5;K;2,346898113
1944;2014;1;M;0
2323;2014;2;M;0
2702;2014;3;M;0
3081;2014;4;M;1,622389201
3460;2014;5;M;1,325355345
480;2061;1;K;18,55569334
812;2061;2;K;35,88743069
1144;2061;3;K;53,76821756
1476;2061;4;K;31,16918512
1808;2061;5;K;17,24604997
2174;2061;1;M;0
2553;2061;2;M;0
2932;2061;3;M;7,545476003
3311;2061;4;M;0
3690;2061;5;M;0
331;2062;1;K;3,382642938
663;2062;2;K;7,340685511
995;2062;3;K;11,19495043
1327;2062;4;K;6,97462894
1659;2062;5;K;2,37323536
2004;2062;1;M;0
2383;2062;2;M;0
2762;2062;3;M;4,647980911
3141;2062;4;M;2,043513041
3520;2062;5;M;0
522;2063;1;K;6,253133767
854;2063;2;K;8,655953174
1186;2063;3;K;8,635724564
1518;2063;4;K;6,019426252
1850;2063;5;K;3,757513827
2223;2063;1;M;0
2602;2063;2;M;1,481620742
2981;2063;3;M;0
3360;2063;4;M;2,218380049
3739;2063;5;M;0
282;2201;1;K;5,212522385
614;2201;2;K;6,634810582
946;2201;3;K;9,59064279
1278;2201;4;K;5,199932699
1610;2201;5;K;4,606109015
1949;2201;1;M;0
2328;2201;2;M;2,715006812
2707;2201;3;M;0
3086;2201;4;M;0
3465;2201;5;M;0
419;2202;1;K;5,213034721
751;2202;2;K;7,733082391
1083;2202;3;K;13,26597331
1415;2202;4;K;7,209581759
1747;2202;5;K;4,788739054
2105;2202;1;M;0
2484;2202;2;M;0
2863;2202;3;M;3,315972249
3242;2202;4;M;0,967364975
3621;2202;5;M;0
461;2203;1;K;3,892887283
793;2203;2;K;6,326361098
1125;2203;3;K;7,920040061
1457;2203;4;K;4,486508528
1789;2203;5;K;3,515825972
2154;2203;1;M;0
2533;2203;2;M;0
2912;2203;3;M;0
3291;2203;4;M;0
3670;2203;5;M;0
28;2204;1;K;4,605020011
75;2204;2;K;10,75368353
122;2204;3;K;14,77627308
169;2204;4;K;8,459548643
216;2204;5;K;5,912986482
2122;2204;1;M;0
2501;2204;2;M;2,628743222
2880;2204;3;M;2,65999562
3259;2204;4;M;2,461818932
3638;2204;5;M;0
280;2205;1;K;7,490828658
612;2205;2;K;9,748174434
944;2205;3;K;15,61242017
1276;2205;4;K;9,684783439
1608;2205;5;K;5,4971049
1947;2205;1;M;0
2326;2205;2;M;0
2705;2205;3;M;0
3084;2205;4;M;0
3463;2205;5;M;0
517;2206;1;K;4,031480854
849;2206;2;K;7,292191317
1181;2206;3;K;9,147199765
1513;2206;4;K;5,300749193
1845;2206;5;K;4,284162453
2217;2206;1;M;0
2596;2206;2;M;0
2975;2206;3;M;1,568678222
3354;2206;4;M;2,450647468
3733;2206;5;M;1,299004555
396;2207;1;K;5,193604408
728;2207;2;K;6,797511425
1060;2207;3;K;11,72194988
1392;2207;4;K;7,831470156
1724;2207;5;K;4,463097288
2078;2207;1;M;0
2457;2207;2;M;0
2836;2207;3;M;0
3215;2207;4;M;0
3594;2207;5;M;0
389;2208;1;K;3,549022635
721;2208;2;K;6,269730454
1053;2208;3;K;7,957939708
1385;2208;4;K;5,458908424
1717;2208;5;K;3,394879671
2071;2208;1;M;0
2450;2208;2;M;0
2829;2208;3;M;0
3208;2208;4;M;0
3587;2208;5;M;0
514;2209;1;K;3,537696429
846;2209;2;K;6,79096912
1178;2209;3;K;9,793712872
1510;2209;4;K;6,975173701
1842;2209;5;K;4,100504304
2214;2209;1;M;0
2593;2209;2;M;0
2972;2209;3;M;0
3351;2209;4;M;3,342643988
3730;2209;5;M;0
308;2210;1;K;1,819332999
640;2210;2;K;2,824837489
972;2210;3;K;4,46596072
1304;2210;4;K;2,541427178
1636;2210;5;K;1,543929203
1977;2210;1;M;0
2356;2210;2;M;0
2735;2210;3;M;0
3114;2210;4;M;0
3493;2210;5;M;0,511527336
493;2211;1;K;4,497994144
825;2211;2;K;9,41177988
1157;2211;3;K;11,6775803
1489;2211;4;K;7,929825044
1821;2211;5;K;3,193121964
2193;2211;1;M;0
2572;2211;2;M;0
2951;2211;3;M;1,548828099
3330;2211;4;M;0
3709;2211;5;M;0
344;2212;1;K;4,934015922
676;2212;2;K;9,168329192
1008;2212;3;K;11,76780901
1340;2212;4;K;7,181207275
1672;2212;5;K;4,636900677
2020;2212;1;M;0
2399;2212;2;M;0
2778;2212;3;M;0
3157;2212;4;M;0
3536;2212;5;M;0
25;2213;1;K;5,834163606
72;2213;2;K;12,23706739
119;2213;3;K;18,21163777
166;2213;4;K;11,16570135
213;2213;5;K;6,750135088
2085;2213;1;M;0
2464;2213;2;M;0
2843;2213;3;M;0
3222;2213;4;M;0
3601;2213;5;M;1,237056178
358;2214;1;K;6,406792846
690;2214;2;K;9,209936954
1022;2214;3;K;16,51091357
1354;2214;4;K;8,574657312
1686;2214;5;K;5,585744469
2037;2214;1;M;0
2416;2214;2;M;1,59841377
2795;2214;3;M;1,632598696
3174;2214;4;M;1,061289778
3553;2214;5;M;0
434;2215;1;K;11,78219239
766;2215;2;K;21,29592796
1098;2215;3;K;30,49988207
1430;2215;4;K;20,23642481
1762;2215;5;K;10,75284963
2121;2215;1;M;0
2500;2215;2;M;3,078053316
2879;2215;3;M;3,587733313
3258;2215;4;M;2,219835818
3637;2215;5;M;0
284;2216;1;K;2,085409461
616;2216;2;K;3,827889335
948;2216;3;K;5,814351823
1280;2216;4;K;3,46548524
1612;2216;5;K;2,357484347
1951;2216;1;M;0
2330;2216;2;M;0
2709;2216;3;M;0
3088;2216;4;M;0
3467;2216;5;M;0
557;2261;1;K;28,75202797
889;2261;2;K;59,4698258
1221;2261;3;K;90,80601355
1553;2261;4;K;64,51782148
1885;2261;5;K;35,46934839
2261;2261;1;M;0
2640;2261;2;M;7,922373133
3019;2261;3;M;8,603095987
3398;2261;4;M;7,230607765
3777;2261;5;M;6,470806336
552;2262;1;K;16,40430109
884;2262;2;K;32,05039677
1216;2262;3;K;50,15779172
1548;2262;4;K;32,65394193
1880;2262;5;K;18,33568456
2255;2262;1;M;4,553483862
2634;2262;2;M;0
3013;2262;3;M;7,291484975
3392;2262;4;M;2,777298832
3771;2262;5;M;3,049021959
484;2263;1;K;5,048897272
816;2263;2;K;13,9266815
1148;2263;3;K;17,92736626
1480;2263;4;K;10,35710318
1812;2263;5;K;5,951639609
2181;2263;1;M;0
2560;2263;2;M;0
2939;2263;3;M;0
3318;2263;4;M;1,93994969
3697;2263;5;M;0
567;2264;1;K;0
899;2264;2;K;4,528565651
1231;2264;3;K;7,405467962
1563;2264;4;K;5,223379225
1895;2264;5;K;3,443115097
2274;2264;1;M;0
2653;2264;2;M;0
3032;2264;3;M;0
3411;2264;4;M;0,485221921
3790;2264;5;M;0
530;2401;1;K;8,409228095
862;2401;2;K;19,50736371
1194;2401;3;K;32,69249866
1526;2401;4;K;21,81954402
1858;2401;5;K;14,79227683
2231;2401;1;M;0
2610;2401;2;M;0
2989;2401;3;M;0
3368;2401;4;M;1,430320502
3747;2401;5;M;0
310;2402;1;K;9,235336833
642;2402;2;K;13,72408969
974;2402;3;K;21,95229831
1306;2402;4;K;16,01806663
1638;2402;5;K;9,618055177
1979;2402;1;M;0
2358;2402;2;M;0
2737;2402;3;M;3,223733281
3116;2402;4;M;0
3495;2402;5;M;0
354;2403;1;K;9,511727361
686;2403;2;K;18,63513121
1018;2403;3;K;23,97007539
1350;2403;4;K;16,02274383
1682;2403;5;K;8,794330054
2032;2403;1;M;0
2411;2403;2;M;0
2790;2403;3;M;0
3169;2403;4;M;0
3548;2403;5;M;0
380;2404;1;K;7,510541324
712;2404;2;K;13,92792638
1044;2404;3;K;19,89554175
1376;2404;4;K;9,726476463
1708;2404;5;K;6,298635364
2062;2404;1;M;0
2441;2404;2;M;2,18208936
2820;2404;3;M;3,557441313
3199;2404;4;M;1,274939881
3578;2404;5;M;0
511;2405;1;K;9,799752833
843;2405;2;K;12,25031506
1175;2405;3;K;19,02956933
1507;2405;4;K;12,88507944
1839;2405;5;K;6,406146031
2211;2405;1;M;0
2590;2405;2;M;0
2969;2405;3;M;0
3348;2405;4;M;0
3727;2405;5;M;1,332407704
465;2406;1;K;4,450452489
797;2406;2;K;7,772710589
1129;2406;3;K;11,5115371
1461;2406;4;K;6,590060127
1793;2406;5;K;4,162446869
2158;2406;1;M;0
2537;2406;2;M;2,909141548
2916;2406;3;M;0
3295;2406;4;M;2,195323397
3674;2406;5;M;1,355130793
446;2407;1;K;4,235746487
778;2407;2;K;7,72613577
1110;2407;3;K;8,179785019
1442;2407;4;K;5,8412818
1774;2407;5;K;3,804019966
2138;2407;1;M;0
2517;2407;2;M;0
2896;2407;3;M;0
3275;2407;4;M;0,971501369
3654;2407;5;M;0
356;2408;1;K;5,502180817
688;2408;2;K;8,02265505
1020;2408;3;K;16,01628344
1352;2408;4;K;11,35830513
1684;2408;5;K;4,439849476
2035;2408;1;M;0
2414;2408;2;M;0
2793;2408;3;M;0
3172;2408;4;M;0
3551;2408;5;M;0
533;2409;1;K;4,432602942
865;2409;2;K;8,099821187
1197;2409;3;K;11,80719512
1529;2409;4;K;7,713459096
1861;2409;5;K;6,369110966
2234;2409;1;M;7,09854127
2613;2409;2;M;0
2992;2409;3;M;1,755153955
3371;2409;4;M;0
3750;2409;5;M;0
325;2410;1;K;5,971809776
657;2410;2;K;10,94648671
989;2410;3;K;17,90147182
1321;2410;4;K;12,98649826
1653;2410;5;K;4,277807505
1997;2410;1;M;0
2376;2410;2;M;0
2755;2410;3;M;0
3134;2410;4;M;0
3513;2410;5;M;0
333;2411;1;K;4,948501396
665;2411;2;K;10,75923251
997;2411;3;K;15,03675529
1329;2411;4;K;12,30115808
1661;2411;5;K;10,12591319
2007;2411;1;M;0
2386;2411;2;M;0
2765;2411;3;M;0
3144;2411;4;M;0
3523;2411;5;M;0,769389177
475;2412;1;K;4,388029658
807;2412;2;K;6,890965942
1139;2412;3;K;12,52460421
1471;2412;4;K;5,788508285
1803;2412;5;K;4,279407355
2168;2412;1;M;0
2547;2412;2;M;0
2926;2412;3;M;0
3305;2412;4;M;0
3684;2412;5;M;0
445;2413;1;K;7,981110158
777;2413;2;K;16,21038894
1109;2413;3;K;23,57122358
1441;2413;4;K;15,88601341
1773;2413;5;K;7,426390614
2136;2413;1;M;0
2515;2413;2;M;0
2894;2413;3;M;0
3273;2413;4;M;0
3652;2413;5;M;0
295;2414;1;K;3,727561488
627;2414;2;K;4,660415833
959;2414;3;K;7,864758737
1291;2414;4;K;5,618645802
1623;2414;5;K;1,818625836
1962;2414;1;M;0
2341;2414;2;M;0
2720;2414;3;M;0
3099;2414;4;M;0
3478;2414;5;M;0
414;2415;1;K;8,009644286
746;2415;2;K;20,01297286
1078;2415;3;K;20,35660709
1410;2415;4;K;19,17155106
1742;2415;5;K;11,01335209
2100;2415;1;M;0
2479;2415;2;M;3,075759375
2858;2415;3;M;3,45853052
3237;2415;4;M;2,165841533
3616;2415;5;M;1,559300227
534;2416;1;K;6,865631068
866;2416;2;K;13,76737459
1198;2416;3;K;20,93390504
1530;2416;4;K;12,53467965
1862;2416;5;K;6,644754092
2235;2416;1;M;0
2614;2416;2;M;0
2993;2416;3;M;0
3372;2416;4;M;1,200992564
3751;2416;5;M;0
260;2417;1;K;7,003412909
592;2417;2;K;12,64993135
924;2417;3;K;21,84253759
1256;2417;4;K;11,70667449
1588;2417;5;K;7,525155596
1922;2417;1;M;0
2301;2417;2;M;3,404953651
2680;2417;3;M;3,777680934
3059;2417;4;M;0
3438;2417;5;M;0
535;2461;1;K;11,7440924
867;2461;2;K;17,70310535
1199;2461;3;K;35,47517976
1531;2461;4;K;22,75781331
1863;2461;5;K;9,482010764
2237;2461;1;M;2,723089803
2616;2461;2;M;0
2995;2461;3;M;0
3374;2461;4;M;1,431701522
3753;2461;5;M;0
507;2462;1;K;11,3731407
839;2462;2;K;23,35767054
1171;2462;3;K;36,13395195
1503;2462;4;K;23,72760936
1835;2462;5;K;10,79817872
2207;2462;1;M;0
2586;2462;2;M;0
2965;2462;3;M;0
3344;2462;4;M;2,341885492
3723;2462;5;M;0
537;2463;1;K;6,399584482
869;2463;2;K;14,96269646
1201;2463;3;K;19,67922767
1533;2463;4;K;16,23800937
1865;2463;5;K;5,953117499
2240;2463;1;M;0
2619;2463;2;M;0
2998;2463;3;M;0
3377;2463;4;M;0
3756;2463;5;M;0
564;2464;1;K;15,75695178
896;2464;2;K;33,695007
1228;2464;3;K;52,71155626
1560;2464;4;K;36,21613486
1892;2464;5;K;17,09407546
2271;2464;1;M;0
2650;2464;2;M;0
3029;2464;3;M;5,640278956
3408;2464;4;M;3,483703878
3787;2464;5;M;2,627345816
42;2465;1;K;3,624995963
89;2465;2;K;11,05740088
136;2465;3;K;30,54777583
183;2465;4;K;23,05554227
230;2465;5;K;9,536748408
2236;2465;1;M;0
2615;2465;2;M;0
2994;2465;3;M;0
3373;2465;4;M;2,178287218
3752;2465;5;M;0
549;2466;1;K;11,08523849
881;2466;2;K;24,74215701
1213;2466;3;K;38,62962586
1545;2466;4;K;30,98794342
1877;2466;5;K;19,70735399
2252;2466;1;M;0
2631;2466;2;M;0
3010;2466;3;M;0
3389;2466;4;M;0
3768;2466;5;M;0
524;2467;1;K;5,686084163
856;2467;2;K;8,117369876
1188;2467;3;K;19,31516339
1520;2467;4;K;11,24220423
1852;2467;5;K;4,904915211
2225;2467;1;M;0
2604;2467;2;M;0
2983;2467;3;M;0
3362;2467;4;M;0,690892966
3741;2467;5;M;0
39;2468;1;K;4,657984275
86;2468;2;K;9,760842672
133;2468;3;K;15,22071958
180;2468;4;K;9,421177039
227;2468;5;K;5,457747815
2191;2468;1;M;0
2570;2468;2;M;0
2949;2468;3;M;0
3328;2468;4;M;0
3707;2468;5;M;1,326533708
548;2469;1;K;17,65268533
880;2469;2;K;34,29542823
1212;2469;3;K;63,81318931
1544;2469;4;K;46,36210945
1876;2469;5;K;23,44193668
2251;2469;1;M;4,408837348
2630;2469;2;M;0
3009;2469;3;M;6,462369331
3388;2469;4;M;0
3767;2469;5;M;0
38;2470;1;K;3,755675549
85;2470;2;K;8,116446175
132;2470;3;K;12,77375987
179;2470;4;K;9,677960504
226;2470;5;K;5,344944036
2188;2470;1;M;0
2567;2470;2;M;0
2946;2470;3;M;0
3325;2470;4;M;0
3704;2470;5;M;0
540;2471;1;K;3,190481207
872;2471;2;K;7,634605571
1204;2471;3;K;12,40060065
1536;2471;4;K;9,250940714
1868;2471;5;K;4,255555405
2243;2471;1;M;0
2622;2471;2;M;0
3001;2471;3;M;0
3380;2471;4;M;0,989030816
3759;2471;5;M;1,052117212
468;2472;1;K;8,097267425
800;2472;2;K;15,73127536
1132;2472;3;K;27,00843866
1464;2472;4;K;15,33805649
1796;2472;5;K;9,939695979
2161;2472;1;M;0
2540;2472;2;M;3,547510834
2919;2472;3;M;6,273978183
3298;2472;4;M;0
3677;2472;5;M;3,883176128
551;2473;1;K;10,35282411
883;2473;2;K;19,56451981
1215;2473;3;K;30,37405603
1547;2473;4;K;19,58148301
1879;2473;5;K;9,269261954
2254;2473;1;M;0
2633;2473;2;M;0
3012;2473;3;M;4,27375842
3391;2473;4;M;2,507277411
3770;2473;5;M;2,761296534
45;2474;1;K;5,18456893
92;2474;2;K;9,020834023
139;2474;3;K;13,33260032
186;2474;4;K;9,720828145
233;2474;5;K;5,854230376
2263;2474;1;M;0
2642;2474;2;M;0
3021;2474;3;M;0
3400;2474;4;M;9,778802343
3779;2474;5;M;0
566;2475;1;K;13,15668479
898;2475;2;K;27,82778317
1230;2475;3;K;47,80097188
1562;2475;4;K;35,80076309
1894;2475;5;K;21,55368569
2273;2475;1;M;0
2652;2475;2;M;0
3031;2475;3;M;5,639180129
3410;2475;4;M;0
3789;2475;5;M;0
529;2476;1;K;3,047502782
861;2476;2;K;6,985973429
1193;2476;3;K;5,794367468
1525;2476;4;K;5,716327186
1857;2476;5;K;4,329486284
2230;2476;1;M;0
2609;2476;2;M;0
2988;2476;3;M;0
3367;2476;4;M;0
3746;2476;5;M;0
504;2477;1;K;6,996905941
836;2477;2;K;17,30621783
1168;2477;3;K;25,77589894
1500;2477;4;K;16,38046375
1832;2477;5;K;9,598321989
2204;2477;1;M;0
2583;2477;2;M;0
2962;2477;3;M;2,954205889
3341;2477;4;M;0
3720;2477;5;M;0
418;2478;1;K;7,264822778
750;2478;2;K;23,46255719
1082;2478;3;K;32,47146866
1414;2478;4;K;21,81328906
1746;2478;5;K;9,906885388
2104;2478;1;M;0
2483;2478;2;M;0
2862;2478;3;M;0
3241;2478;4;M;0
3620;2478;5;M;0
398;2479;1;K;3,498084399
730;2479;2;K;5,510488152
1062;2479;3;K;10,46046411
1394;2479;4;K;7,476160135
1726;2479;5;K;3,005426756
2082;2479;1;M;0
2461;2479;2;M;0
2840;2479;3;M;0
3219;2479;4;M;0
3598;2479;5;M;0
363;2601;1;K;3,89126041
695;2601;2;K;8,208449609
1027;2601;3;K;10,37502349
1359;2601;4;K;5,176430792
1691;2601;5;K;3,668502034
2043;2601;1;M;0
2422;2601;2;M;0
2801;2601;3;M;0
3180;2601;4;M;0,921532291
3559;2601;5;M;0
390;2602;1;K;4,648100295
722;2602;2;K;8,704496523
1054;2602;3;K;14,81556181
1386;2602;4;K;7,749639194
1718;2602;5;K;5,309721312
2072;2602;1;M;0
2451;2602;2;M;0
2830;2602;3;M;1,901980845
3209;2602;4;M;1,340445583
3588;2602;5;M;0
293;2603;1;K;0
625;2603;2;K;3,221382946
957;2603;3;K;3,374127775
1289;2603;4;K;2,595657422
1621;2603;5;K;1,573267346
1960;2603;1;M;0
2339;2603;2;M;0
2718;2603;3;M;0
3097;2603;4;M;0
3476;2603;5;M;0
1;2604;1;K;9,019655279
48;2604;2;K;19,23534818
95;2604;3;K;27,57610413
142;2604;4;K;15,9781963
189;2604;5;K;10,29945548
1907;2604;1;M;0
2286;2604;2;M;0
2665;2604;3;M;4,009245938
3044;2604;4;M;0
3423;2604;5;M;0
388;2605;1;K;4,469649998
720;2605;2;K;8,933425361
1052;2605;3;K;13,39419372
1384;2605;4;K;6,685327466
1716;2605;5;K;4,18714351
2070;2605;1;M;0
2449;2605;2;M;0
2828;2605;3;M;1,888919011
3207;2605;4;M;0
3586;2605;5;M;0
22;2606;1;K;2,134977106
69;2606;2;K;5,636427552
116;2606;3;K;6,955222857
163;2606;4;K;4,152099613
210;2606;5;K;2,821254229
2060;2606;1;M;0
2439;2606;2;M;0
2818;2606;3;M;0
3197;2606;4;M;0
3576;2606;5;M;0
395;2607;1;K;6,602787166
727;2607;2;K;13,84460494
1059;2607;3;K;19,64152747
1391;2607;4;K;13,90042117
1723;2607;5;K;4,397935686
2077;2607;1;M;0
2456;2607;2;M;0
2835;2607;3;M;0
3214;2607;4;M;1,474997498
3593;2607;5;M;0
254;2608;1;K;2,035072965
586;2608;2;K;3,856090416
918;2608;3;K;5,162601255
1250;2608;4;K;3,358159371
1582;2608;5;K;1,701650707
1916;2608;1;M;0
2295;2608;2;M;0
2674;2608;3;M;0
3053;2608;4;M;0
3432;2608;5;M;0
448;2609;1;K;4,537660175
780;2609;2;K;9,57124843
1112;2609;3;K;12,61901265
1444;2609;4;K;6,724794589
1776;2609;5;K;3,28026573
2141;2609;1;M;0
2520;2609;2;M;0
2899;2609;3;M;0
3278;2609;4;M;0
3657;2609;5;M;0
543;2610;1;K;4,657378104
875;2610;2;K;9,75359167
1207;2610;3;K;13,30226545
1539;2610;4;K;9,420851984
1871;2610;5;K;5,948960241
2246;2610;1;M;0
2625;2610;2;M;0
3004;2610;3;M;1,570827593
3383;2610;4;M;0,703281727
3762;2610;5;M;0
501;2611;1;K;5,288733426
833;2611;2;K;9,487793467
1165;2611;3;K;15,90517248
1497;2611;4;K;9,632297552
1829;2611;5;K;6,077978683
2201;2611;1;M;0
2580;2611;2;M;0
2959;2611;3;M;0
3338;2611;4;M;0,843586141
3717;2611;5;M;0
316;2612;1;K;4,50014705
648;2612;2;K;7,238467016
980;2612;3;K;11,17651457
1312;2612;4;K;6,33512723
1644;2612;5;K;3,302587214
1985;2612;1;M;0
2364;2612;2;M;0
2743;2612;3;M;0
3122;2612;4;M;0
3501;2612;5;M;0,692707017
296;2613;1;K;2,792999855
628;2613;2;K;4,623206847
960;2613;3;K;7,078306992
1292;2613;4;K;3,589852144
1624;2613;5;K;3,121969909
1963;2613;1;M;0
2342;2613;2;M;0
2721;2613;3;M;0
3100;2613;4;M;0
3479;2613;5;M;0
516;2661;1;K;10,21616949
848;2661;2;K;27,3675753
1180;2661;3;K;40,51820416
1512;2661;4;K;26,2312977
1844;2661;5;K;11,18908718
2216;2661;1;M;0
2595;2661;2;M;0
2974;2661;3;M;4,270231559
3353;2661;4;M;0
3732;2661;5;M;1,674091895
318;2801;1;K;3,293538703
650;2801;2;K;6,321242082
982;2801;3;K;8,156403159
1314;2801;4;K;4,66255104
1646;2801;5;K;0
1987;2801;1;M;0
2366;2801;2;M;0
2745;2801;3;M;0
3124;2801;4;M;0
3503;2801;5;M;0
24;2802;1;K;1,611416603
71;2802;2;K;3,534163529
118;2802;3;K;5,768841066
165;2802;4;K;3,005293353
212;2802;5;K;1,841858791
2081;2802;1;M;0
2460;2802;2;M;0
2839;2802;3;M;0
3218;2802;4;M;0
3597;2802;5;M;0
454;2803;1;K;3,337231215
786;2803;2;K;6,653422531
1118;2803;3;K;10,30814731
1450;2803;4;K;5,298625005
1782;2803;5;K;3,798018143
2147;2803;1;M;0
2526;2803;2;M;0
2905;2803;3;M;0
3284;2803;4;M;0
3663;2803;5;M;0
366;2804;1;K;3,382891356
698;2804;2;K;6,245109661
1030;2804;3;K;8,475609631
1362;2804;4;K;4,811254039
1694;2804;5;K;3,467179296
2047;2804;1;M;0
2426;2804;2;M;0
2805;2804;3;M;2,996719601
3184;2804;4;M;0
3563;2804;5;M;0
287;2805;1;K;4,900849177
619;2805;2;K;7,121132557
951;2805;3;K;8,957316309
1283;2805;4;K;5,345333408
1615;2805;5;K;5,098523052
1954;2805;1;M;0
2333;2805;2;M;0
2712;2805;3;M;0
3091;2805;4;M;0,929211246
3470;2805;5;M;0
526;2806;1;K;3,678267116
858;2806;2;K;6,067510225
1190;2806;3;K;7,035887945
1522;2806;4;K;4,915765343
1854;2806;5;K;3,295209881
2227;2806;1;M;0
2606;2806;2;M;0
2985;2806;3;M;0
3364;2806;4;M;0,97417579
3743;2806;5;M;0
381;2807;1;K;3,917439515
713;2807;2;K;10,04869128
1045;2807;3;K;13,07440216
1377;2807;4;K;8,26397441
1709;2807;5;K;4,775887802
2063;2807;1;M;0
2442;2807;2;M;0
2821;2807;3;M;0
3200;2807;4;M;0
3579;2807;5;M;0
476;2808;1;K;3,866716197
808;2808;2;K;5,706683315
1140;2808;3;K;11,37712281
1472;2808;4;K;6,053744302
1804;2808;5;K;2,654162158
2169;2808;1;M;0
2548;2808;2;M;0
2927;2808;3;M;0
3306;2808;4;M;1,243981465
3685;2808;5;M;0
349;2809;1;K;2,264473252
681;2809;2;K;4,396314225
1013;2809;3;K;6,227469571
1345;2809;4;K;3,422392188
1677;2809;5;K;2,504392336
2026;2809;1;M;0
2405;2809;2;M;0
2784;2809;3;M;0
3163;2809;4;M;0
3542;2809;5;M;0
399;2810;1;K;2,634196903
731;2810;2;K;5,865751864
1063;2810;3;K;8,563591208
1395;2810;4;K;4,773911091
1727;2810;5;K;2,749801599
2083;2810;1;M;0
2462;2810;2;M;0
2841;2810;3;M;0
3220;2810;4;M;0
3599;2810;5;M;0
518;2811;1;K;0
850;2811;2;K;3,857070411
1182;2811;3;K;5,155413816
1514;2811;4;K;3,084536415
1846;2811;5;K;2,416933
2218;2811;1;M;0
2597;2811;2;M;0
2976;2811;3;M;0
3355;2811;4;M;0
3734;2811;5;M;0
369;2812;1;K;2,952780715
701;2812;2;K;4,622734624
1033;2812;3;K;5,297769847
1365;2812;4;K;3,834296282
1697;2812;5;K;3,073981441
2050;2812;1;M;0
2429;2812;2;M;0
2808;2812;3;M;1,31101017
3187;2812;4;M;0
3566;2812;5;M;0
10;2813;1;K;1,359692458
57;2813;2;K;2,972435315
104;2813;3;K;4,931144332
151;2813;4;K;2,53035587
198;2813;5;K;1,546734956
1992;2813;1;M;0
2371;2813;2;M;2,441770663
2750;2813;3;M;2,949891382
3129;2813;4;M;0,806185575
3508;2813;5;M;0,883714723
360;2814;1;K;6,896163756
692;2814;2;K;12,40804286
1024;2814;3;K;16,06868818
1356;2814;4;K;9,669607397
1688;2814;5;K;6,18976597
2040;2814;1;M;0
2419;2814;2;M;0
2798;2814;3;M;2,861990038
3177;2814;4;M;0
3556;2814;5;M;0
472;2815;1;K;6,295872412
804;2815;2;K;10,81826778
1136;2815;3;K;15,00044465
1468;2815;4;K;8,956004064
1800;2815;5;K;5,483163049
2165;2815;1;M;2,143918892
2544;2815;2;M;0
2923;2815;3;M;0
3302;2815;4;M;0
3681;2815;5;M;0
397;2816;1;K;3,589742921
729;2816;2;K;6,114332278
1061;2816;3;K;8,139420046
1393;2816;4;K;3,538098145
1725;2816;5;K;3,53474519
2080;2816;1;M;0
2459;2816;2;M;0
2838;2816;3;M;0
3217;2816;4;M;0
3596;2816;5;M;0
336;2817;1;K;4,863607041
668;2817;2;K;6,897848655
1000;2817;3;K;9,252985764
1332;2817;4;K;5,441107272
1664;2817;5;K;3,872970218
2010;2817;1;M;0
2389;2817;2;M;0
2768;2817;3;M;0
3147;2817;4;M;0
3526;2817;5;M;0
314;2818;1;K;0
646;2818;2;K;3,172121183
978;2818;3;K;4,329047774
1310;2818;4;K;2,550906549
1642;2818;5;K;2,232147724
1983;2818;1;M;0
2362;2818;2;M;0
2741;2818;3;M;0
3120;2818;4;M;0
3499;2818;5;M;0
311;2819;1;K;1,721784268
643;2819;2;K;2,537568309
975;2819;3;K;2,485656373
1307;2819;4;K;1,996031627
1639;2819;5;K;1,513600759
1980;2819;1;M;0
2359;2819;2;M;0
2738;2819;3;M;0
3117;2819;4;M;0
3496;2819;5;M;0
494;2861;1;K;7,020285198
826;2861;2;K;14,00804013
1158;2861;3;K;26,72805918
1490;2861;4;K;16,43290203
1822;2861;5;K;7,724074266
2194;2861;1;M;0
2573;2861;2;M;0
2952;2861;3;M;0
3331;2861;4;M;0
3710;2861;5;M;0
554;2862;1;K;12,38981456
886;2862;2;K;24,69523388
1218;2862;3;K;37,62511407
1550;2862;4;K;24,64738108
1882;2862;5;K;11,23925416
2258;2862;1;M;3,437704761
2637;2862;2;M;0
3016;2862;3;M;4,588688844
3395;2862;4;M;2,161877088
3774;2862;5;M;2,348826062
498;3001;1;K;2,387528583
830;3001;2;K;4,253147132
1162;3001;3;K;6,087126182
1494;3001;4;K;3,672122639
1826;3001;5;K;2,608562116
2198;3001;1;M;0
2577;3001;2;M;0
2956;3001;3;M;0
3335;3001;4;M;0
3714;3001;5;M;0
481;3002;1;K;5,257984629
813;3002;2;K;8,438639666
1145;3002;3;K;12,68803721
1477;3002;4;K;7,777614299
1809;3002;5;K;4,310074341
2175;3002;1;M;0
2554;3002;2;M;0
2933;3002;3;M;0
3312;3002;4;M;0
3691;3002;5;M;0
505;3003;1;K;9,064660667
837;3003;2;K;16,40764888
1169;3003;3;K;23,55436424
1501;3003;4;K;12,33311569
1833;3003;5;K;7,720850061
2205;3003;1;M;0
2584;3003;2;M;2,613929543
2963;3003;3;M;0
3342;3003;4;M;0
3721;3003;5;M;0
487;3004;1;K;4,277811788
819;3004;2;K;8,268017408
1151;3004;3;K;13,59274911
1483;3004;4;K;6,602478124
1815;3004;5;K;4,789203208
2184;3004;1;M;0
2563;3004;2;M;0
2942;3004;3;M;0
3321;3004;4;M;0,818127188
3700;3004;5;M;0
444;3005;1;K;3,621375109
776;3005;2;K;5,020767895
1108;3005;3;K;6,443065457
1440;3005;4;K;2,94674536
1772;3005;5;K;2,450332412
2134;3005;1;M;1,706716588
2513;3005;2;M;0
2892;3005;3;M;0
3271;3005;4;M;0
3650;3005;5;M;0
373;3006;1;K;4,201358512
705;3006;2;K;5,856348693
1037;3006;3;K;11,67646903
1369;3006;4;K;4,501214234
1701;3006;5;K;4,46556894
2054;3006;1;M;0
2433;3006;2;M;0
2812;3006;3;M;0
3191;3006;4;M;0
3570;3006;5;M;2,762884199
275;3007;1;K;5,246812651
607;3007;2;K;8,362886399
939;3007;3;K;9,12615342
1271;3007;4;K;6,828271045
1603;3007;5;K;5,686946528
1942;3007;1;M;0
2321;3007;2;M;0
2700;3007;3;M;0
3079;3007;4;M;0
3458;3007;5;M;0
17;3008;1;K;0
64;3008;2;K;6,779671397
111;3008;3;K;8,826987632
158;3008;4;K;4,644886648
205;3008;5;K;3,316771755
2024;3008;1;M;0
2403;3008;2;M;0
2782;3008;3;M;0
3161;3008;4;M;0
3540;3008;5;M;0
458;3009;1;K;3,68219949
790;3009;2;K;9,750457139
1122;3009;3;K;13,1094994
1454;3009;4;K;7,247916302
1786;3009;5;K;4,662520002
2151;3009;1;M;0
2530;3009;2;M;0
2909;3009;3;M;0
3288;3009;4;M;0
3667;3009;5;M;0
351;3010;1;K;6,088525392
683;3010;2;K;13,14874569
1015;3010;3;K;17,20570838
1347;3010;4;K;9,890770233
1679;3010;5;K;5,024512515
2029;3010;1;M;0
2408;3010;2;M;0
2787;3010;3;M;0
3166;3010;4;M;0
3545;3010;5;M;0
479;3011;1;K;5,035881602
811;3011;2;K;9,155047853
1143;3011;3;K;12,01144305
1475;3011;4;K;6,939991596
1807;3011;5;K;3,714253679
2173;3011;1;M;0
2552;3011;2;M;0
2931;3011;3;M;0
3310;3011;4;M;0
3689;3011;5;M;1,930214272
439;3012;1;K;4,133807373
771;3012;2;K;8,787542966
1103;3012;3;K;11,5912048
1435;3012;4;K;4,50634237
1767;3012;5;K;4,017594656
2128;3012;1;M;0
2507;3012;2;M;0
2886;3012;3;M;1,554505025
3265;3012;4;M;0
3644;3012;5;M;0
367;3013;1;K;4,037559399
699;3013;2;K;5,662777315
1031;3013;3;K;8,21739528
1363;3013;4;K;4,442066636
1695;3013;5;K;3,819215079
2048;3013;1;M;0
2427;3013;2;M;0
2806;3013;3;M;0
3185;3013;4;M;0
3564;3013;5;M;1,180626095
502;3014;1;K;2,170457126
834;3014;2;K;3,603114524
1166;3014;3;K;6,344919425
1498;3014;4;K;2,77032408
1830;3014;5;K;1,888566406
2202;3014;1;M;0
2581;3014;2;M;0
2960;3014;3;M;0
3339;3014;4;M;0
3718;3014;5;M;0
374;3015;1;K;4,131868048
706;3015;2;K;8,455115976
1038;3015;3;K;11,2435162
1370;3015;4;K;5,981773485
1702;3015;5;K;3,378889353
2055;3015;1;M;0
2434;3015;2;M;6,379822832
2813;3015;3;M;0
3192;3015;4;M;0
3571;3015;5;M;0
286;3016;1;K;3,531889523
618;3016;2;K;6,706304768
950;3016;3;K;7,702440776
1282;3016;4;K;5,54866999
1614;3016;5;K;3,837662219
1953;3016;1;M;0
2332;3016;2;M;0
2711;3016;3;M;0
3090;3016;4;M;0
3469;3016;5;M;0
473;3017;1;K;9,269580253
805;3017;2;K;17,84323278
1137;3017;3;K;26,47693202
1469;3017;4;K;13,28163899
1801;3017;5;K;10,44472002
2166;3017;1;M;0
2545;3017;2;M;0
2924;3017;3;M;0
3303;3017;4;M;0
3682;3017;5;M;0
312;3018;1;K;2,628951706
644;3018;2;K;5,13710905
976;3018;3;K;6,643696911
1308;3018;4;K;4,031731797
1640;3018;5;K;2,561718651
1981;3018;1;M;0
2360;3018;2;M;0
2739;3018;3;M;0
3118;3018;4;M;0
3497;3018;5;M;0
474;3019;1;K;9,023743671
806;3019;2;K;14,81140401
1138;3019;3;K;22,09518137
1470;3019;4;K;11,95909822
1802;3019;5;K;7,337048923
2167;3019;1;M;0
2546;3019;2;M;0
2925;3019;3;M;0
3304;3019;4;M;0
3683;3019;5;M;0
437;3020;1;K;4,444060338
769;3020;2;K;5,686476281
1101;3020;3;K;9,155901166
1433;3020;4;K;5,752614626
1765;3020;5;K;3,174476042
2125;3020;1;M;0
2504;3020;2;M;2,005091335
2883;3020;3;M;0
3262;3020;4;M;0
3641;3020;5;M;0
335;3021;1;K;20,3659259
667;3021;2;K;35,78176148
999;3021;3;K;51,47081588
1331;3021;4;K;29,12551609
1663;3021;5;K;18,69028635
2009;3021;1;M;0
2388;3021;2;M;6,933062976
2767;3021;3;M;0
3146;3021;4;M;3,724790346
3525;3021;5;M;4,125003421
406;3022;1;K;3,398623469
738;3022;2;K;5,329567005
1070;3022;3;K;10,07438653
1402;3022;4;K;5,703401005
1734;3022;5;K;2,960211951
2091;3022;1;M;0
2470;3022;2;M;0
2849;3022;3;M;0
3228;3022;4;M;0
3607;3022;5;M;0
471;3023;1;K;3,83474606
803;3023;2;K;6,241510963
1135;3023;3;K;8,986935922
1467;3023;4;K;4,838918993
1799;3023;5;K;3,085508357
2164;3023;1;M;0
2543;3023;2;M;0
2922;3023;3;M;0
3301;3023;4;M;0
3680;3023;5;M;0
463;3024;1;K;5,336370198
795;3024;2;K;8,22653208
1127;3024;3;K;12,30138249
1459;3024;4;K;6,755005062
1791;3024;5;K;4,754376531
2156;3024;1;M;0
2535;3024;2;M;0
2914;3024;3;M;0
3293;3024;4;M;0,875453759
3672;3024;5;M;0
451;3025;1;K;3,430798055
783;3025;2;K;6,042064914
1115;3025;3;K;9,234924075
1447;3025;4;K;5,448573206
1779;3025;5;K;3,250711738
2144;3025;1;M;0
2523;3025;2;M;0
2902;3025;3;M;0
3281;3025;4;M;0,773214857
3660;3025;5;M;0
490;3026;1;K;4,989103229
822;3026;2;K;6,105361999
1154;3026;3;K;7,947257925
1486;3026;4;K;6,128435168
1818;3026;5;K;2,199004032
2187;3026;1;M;0
2566;3026;2;M;0
2945;3026;3;M;0
3324;3026;4;M;0
3703;3026;5;M;0
341;3027;1;K;5,188849877
673;3027;2;K;8,357341731
1005;3027;3;K;15,03446296
1337;3027;4;K;8,030580914
1669;3027;5;K;4,931476826
2017;3027;1;M;0
2396;3027;2;M;0
2775;3027;3;M;0
3154;3027;4;M;0
3533;3027;5;M;0
457;3028;1;K;3,384069997
789;3028;2;K;6,106824109
1121;3028;3;K;8,726424923
1453;3028;4;K;5,379740695
1785;3028;5;K;3,278395913
2150;3028;1;M;0
2529;3028;2;M;0
2908;3028;3;M;1,933697421
3287;3028;4;M;0
3666;3028;5;M;1,891740858
362;3029;1;K;3,355882275
694;3029;2;K;6,023727715
1026;3029;3;K;7,827765304
1358;3029;4;K;5,043610027
1690;3029;5;K;2,11759667
2042;3029;1;M;0
2421;3029;2;M;0
2800;3029;3;M;0
3179;3029;4;M;0
3558;3029;5;M;1,598206054
427;3030;1;K;4,376706931
759;3030;2;K;7,336923307
1091;3030;3;K;11,33501324
1423;3030;4;K;6,472818226
1755;3030;5;K;4,814080162
2113;3030;1;M;0
2492;3030;2;M;0
2871;3030;3;M;1,847033215
3250;3030;4;M;0
3629;3030;5;M;0
371;3031;1;K;4,42439872
703;3031;2;K;5,661009631
1035;3031;3;K;8,189981611
1367;3031;4;K;5,158104002
1699;3031;5;K;3,661807241
2052;3031;1;M;0
2431;3031;2;M;0
2810;3031;3;M;1,703409577
3189;3031;4;M;0
3568;3031;5;M;0
462;3061;1;K;4,315149747
794;3061;2;K;13,44984857
1126;3061;3;K;21,35775621
1458;3061;4;K;13,5703995
1790;3061;5;K;7,215134858
2155;3061;1;M;0
2534;3061;2;M;2,090851889
2913;3061;3;M;0
3292;3061;4;M;0
3671;3061;5;M;0
47;3062;1;K;4,407537861
94;3062;2;K;7,534434917
141;3062;3;K;15,38676945
188;3062;4;K;11,45122726
235;3062;5;K;6,25888925
2269;3062;1;M;0
2648;3062;2;M;0
3027;3062;3;M;0
3406;3062;4;M;0
3785;3062;5;M;0
525;3063;1;K;4,119815823
857;3063;2;K;8,98256667
1189;3063;3;K;13,85660134
1521;3063;4;K;8,127027451
1853;3063;5;K;2,584647217
2226;3063;1;M;0
2605;3063;2;M;0
2984;3063;3;M;0
3363;3063;4;M;0
3742;3063;5;M;0
46;3064;1;K;40,22280455
93;3064;2;K;70,34949771
140;3064;3;K;104,4131345
187;3064;4;K;69,96136333
234;3064;5;K;47,79999176
2266;3064;1;M;0
2645;3064;2;M;13,0537611
3024;3064;3;M;14,32174027
3403;3064;4;M;6,358643425
3782;3064;5;M;6,94866662
500;3201;1;K;3,383119234
832;3201;2;K;4,858881705
1164;3201;3;K;7,142151015
1496;3201;4;K;3,847381867
1828;3201;5;K;1,985240513
2200;3201;1;M;0
2579;3201;2;M;0
2958;3201;3;M;0
3337;3201;4;M;0
3716;3201;5;M;0
455;3202;1;K;2,596859573
787;3202;2;K;4,177452913
1119;3202;3;K;6,937989644
1451;3202;4;K;3,905921553
1783;3202;5;K;3,512683647
2148;3202;1;M;0
2527;3202;2;M;0
2906;3202;3;M;0
3285;3202;4;M;0
3664;3202;5;M;0
438;3203;1;K;3,906590015
770;3203;2;K;6,047242034
1102;3203;3;K;8,77331083
1434;3203;4;K;6,762186031
1766;3203;5;K;3,676217257
2126;3203;1;M;0
2505;3203;2;M;0
2884;3203;3;M;0
3263;3203;4;M;0
3642;3203;5;M;0
37;3204;1;K;3,990606062
84;3204;2;K;9,048134963
131;3204;3;K;12,59032991
178;3204;4;K;7,649051576
225;3204;5;K;4,447501605
2179;3204;1;M;0
2558;3204;2;M;0
2937;3204;3;M;0
3316;3204;4;M;0
3695;3204;5;M;0
326;3205;1;K;3,142136135
658;3205;2;K;4,779634366
990;3205;3;K;7,145616511
1322;3205;4;K;4,047485741
1654;3205;5;K;2,654348172
1998;3205;1;M;0
2377;3205;2;M;0
2756;3205;3;M;1,814162818
3135;3205;4;M;0
3514;3205;5;M;0
450;3206;1;K;4,890645101
782;3206;2;K;10,65132682
1114;3206;3;K;13,96927405
1446;3206;4;K;6,930659468
1778;3206;5;K;5,208065961
2143;3206;1;M;0
2522;3206;2;M;0
2901;3206;3;M;0
3280;3206;4;M;0,946199399
3659;3206;5;M;0
478;3207;1;K;2,508895843
810;3207;2;K;4,414592046
1142;3207;3;K;7,739110127
1474;3207;4;K;2,925387136
1806;3207;5;K;2,476185092
2171;3207;1;M;0
2550;3207;2;M;0
2929;3207;3;M;2,164267595
3308;3207;4;M;0
3687;3207;5;M;0
488;3208;1;K;3,633721477
820;3208;2;K;9,342501423
1152;3208;3;K;15,28742046
1484;3208;4;K;7,092810417
1816;3208;5;K;4,403178357
2185;3208;1;M;0
2564;3208;2;M;0
2943;3208;3;M;0
3322;3208;4;M;0
3701;3208;5;M;0,856876628
309;3209;1;K;4,381924741
641;3209;2;K;7,454770973
973;3209;3;K;9,761128257
1305;3209;4;K;3,788987319
1637;3209;5;K;3,573689077
1978;3209;1;M;0
2357;3209;2;M;2,587180952
2736;3209;3;M;0
3115;3209;4;M;0
3494;3209;5;M;0
519;3210;1;K;3,624381048
851;3210;2;K;7,630099246
1183;3210;3;K;9,869112028
1515;3210;4;K;5,223924227
1847;3210;5;K;3,286887905
2219;3210;1;M;0
2598;3210;2;M;3,932401782
2977;3210;3;M;0
3356;3210;4;M;0
3735;3210;5;M;0
435;3211;1;K;4,354937909
767;3211;2;K;7,814439022
1099;3211;3;K;13,90006466
1431;3211;4;K;5,958854857
1763;3211;5;K;4,202048987
2123;3211;1;M;0
2502;3211;2;M;0
2881;3211;3;M;1,96095
3260;3211;4;M;0
3639;3211;5;M;0
415;3212;1;K;2,495137937
747;3212;2;K;4,229621241
1079;3212;3;K;5,956302003
1411;3212;4;K;3,390722366
1743;3212;5;K;3,199276954
2101;3212;1;M;0
2480;3212;2;M;0
2859;3212;3;M;0
3238;3212;4;M;0
3617;3212;5;M;0
429;3213;1;K;3,010845742
761;3213;2;K;4,975764111
1093;3213;3;K;7,235069131
1425;3213;4;K;4,109462763
1757;3213;5;K;0
2116;3213;1;M;0
2495;3213;2;M;1,420936435
2874;3213;3;M;0
3253;3213;4;M;0
3632;3213;5;M;1,098680271
422;3214;1;K;7,234009244
754;3214;2;K;13,10666188
1086;3214;3;K;18,14609455
1418;3214;4;K;11,10108227
1750;3214;5;K;7,512842243
2108;3214;1;M;0
2487;3214;2;M;0
2866;3214;3;M;0
3245;3214;4;M;1,719100274
3624;3214;5;M;0
532;3215;1;K;4,82083451
864;3215;2;K;8,801365356
1196;3215;3;K;11,85772316
1528;3215;4;K;6,417762899
1860;3215;5;K;4,430055833
2233;3215;1;M;0
2612;3215;2;M;0
2991;3215;3;M;1,558703824
3370;3215;4;M;0
3749;3215;5;M;0
467;3216;1;K;2,812718664
799;3216;2;K;4,817585582
1131;3216;3;K;8,020700299
1463;3216;4;K;4,057117227
1795;3216;5;K;0
2160;3216;1;M;0
2539;3216;2;M;0
2918;3216;3;M;1,346824464
3297;3216;4;M;1,134442002
3676;3216;5;M;0
379;3217;1;K;3,761196749
711;3217;2;K;5,63395832
1043;3217;3;K;7,909846927
1375;3217;4;K;4,802844058
1707;3217;5;K;3,179070652
2061;3217;1;M;0
2440;3217;2;M;0
2819;3217;3;M;0
3198;3217;4;M;0
3577;3217;5;M;0
426;3218;1;K;2,27603307
758;3218;2;K;4,038452782
1090;3218;3;K;6,279468691
1422;3218;4;K;3,300435123
1754;3218;5;K;0
2112;3218;1;M;0
2491;3218;2;M;0
2870;3218;3;M;0
3249;3218;4;M;0
3628;3218;5;M;0
542;3261;1;K;7,726465737
874;3261;2;K;12,11812582
1206;3261;3;K;24,33908971
1538;3261;4;K;16,97279432
1870;3261;5;K;8,167899188
2245;3261;1;M;0
2624;3261;2;M;0
3003;3261;3;M;0
3382;3261;4;M;0
3761;3261;5;M;0
556;3262;1;K;26,11779309
888;3262;2;K;47,4397023
1220;3262;3;K;91,30486403
1552;3262;4;K;55,18684521
1884;3262;5;K;41,03906468
2260;3262;1;M;0
2639;3262;2;M;0
3018;3262;3;M;0
3397;3262;4;M;0
3776;3262;5;M;0
563;3263;1;K;2,170765675
895;3263;2;K;5,049466565
1227;3263;3;K;7,91568142
1559;3263;4;K;4,918666546
1891;3263;5;K;2,830817238
2270;3263;1;M;0
2649;3263;2;M;0
3028;3263;3;M;0
3407;3263;4;M;0
3786;3263;5;M;0
